line_id,original_sentence,translated_sentence
1369,如 有 意向 ， 请 email 联系 ： em@49,如 有 意向 ， 请 更新 联系 ： em@49
1631,因为 是 resident house ， 房子 周边 非常 安静 。,因为 是 居民 住宅 ， 房子 周边 非常 安静 。
202,客厅 非常 安静 ， 适合 学习 ， 厅 内 另 有 一 个 walk-in closet 可以 用 。,客厅 非常 安静 ， 适合 学习 ， 厅 内 另 有 一 个 步入 式 衣柜 可以 用 。
246,apt 比 house 的 好处 就是 有 任何 问题 公寓 公司 都 可以 负责 维修 ， 更 快捷 省心 。,公寓 比 房子 的 好处 就是 有 任何 问题 公寓 公司 都 可以 负责 维修 ， 更 快捷 省心 。
1630,客服 很 nice ， 丢 单 必 补 ， 从不 赖账 ；,客服 很 好 ， 丢 单 必 补 ， 从不 赖账 ；
