line_id,original_sentence,translated_sentence
1012,房间 全部 为 fully furnished 。,房间 全部 为 全家 具 都 有 。
780,房子 离 frick park 仅 两 个 block ， 去 公园 里 运动 非常 方便 。,房子 离 弗里克 公园 仅 两 个 街区 ， 去 公园 里 运动 非常 方便 。
1290,房间 内 包含 queen size 床 ， 所有 必须 家电 ， 厨房 。,房间 内 包含 一 米 五 宽 的 床 床 ， 所有 必须 家电 ， 厨房 。
647,八月 一日 可以 搬入 --- 三 间 卧室 一 个 卫生间 （ full bath ) .,八月 一日 可以 搬入 --- 三 间 卧室 一 个 卫生间 （ 卫浴 ) 。
1041,直接 与 office 签约 。,直接 与 展示 办公室 签约 。
