line_id,original_sentence,translated_sentence
527,management 人 非常 nice 。,管理人 非常 好 。
1153,闲暇 之 余 考 了 pa 的 property&casualty 和 life 的 保险 执照 。,闲暇 之 余 考 了 宾州 的 月 与 意外 和 生命 的 保险 执照 。
790,欢迎 text ， 不 能 时时 接 电话 。,欢迎 短信 ， 不 能 时时 接 电话 。
1360,如果 有 想要 看看 apartment 的 可以 联系 我 。,如果 有 想要 看看 公寓 的 可以 联系 我 。
16,户型 ： 一 楼 是 超大 living room ， dining room 及 厨房 ；,户型 ： 一 楼 是 超大 客厅 ， 餐厅 及 厨房 ；
