line_id,original_sentence,translated_sentence
35,房子 目前 几乎 是 fully furnished ， 含 电视 ， 床 ， 书桌 ， 餐厅 大 桌子 ， 椅子 ， 生活 用品 基本 齐全 。,房子 目前 几乎 是 女生 装修 ， 含 电视 ， 床 ， 书桌 ， 餐厅 大 桌子 ， 椅子 ， 生活 用品 基本 齐全 。
646,只要 没 坏 没 bug 就 行 。,只要 没 坏 没 漏洞 就 行 。
13,精装 修 家具 全 free 无线 上网 !,精装 修 家具 全 免费 无线 上网 !
1439,本人 5/23 回国 低价 转让 one bedroom apartment .,本人 5/23 回国 低价 转让 单 卧室 公寓 。
269,有 basement ， 独立 laundry ， 门口 可以 免费 停车 。,有 地下室 ， 独立 洗衣房 ， 门口 可以 免费 停车 。
