line_id,original_sentence,translated_sentence
773,现在 房间 还 是 available,现在 房间 还 是 有效
1291,小区 后面 一 墙 之 隔 就是 本地 重点 high school 。,小区 后面 一 墙 之 隔 就是 本地 重点 高中 。
1500,update 啦 ， 暑期 出租 ， 欢迎 联系 。,公园 啦 ， 暑期 出租 ， 欢迎 联系 。
404,如果 你 是 女生 ， 并且 爱 干净 ， easy going ， 就 和 我 联系 吧 。,如果 你 是 女生 ， 并且 爱 干净 ， 好 相处 ， 就 和 我 联系 吧 。
1144,小区 环境 优美 安静 ， 物业 非常 nice 。,小区 环境 优美 安静 ， 物业 非常 友善 。
