line_id,original_sentence,translated_sentence
428,出租 一 间 小 卧室 ， 是 一 个 house 的 一 层 ， 三 室 两 厅 一 厨房 一 卫生间 一 地下室 。,出租 一 间 小 卧室 ， 是 一 个 父母 的 一 层 ， 三 室 两 厅 一 厨房 一 卫生间 一 地下室 。
214,这 是 一 个 两 室 一 卫生间 一 客厅 一 个 厨房 的 apartment 。,这 是 一 个 两 室 一 卫生间 一 客厅 一 个 厨房 的 公寓 。
441,顶 一下 ， 房子 还 available 哈 ！,顶 一下 ， 房子 还 空余 的 哈 ！
774,大家 一起 share 厨房 。,大家 一起 共 享 厨房 。
1015,我 希望 找 妹子 火速 去 office 商量 这 件 事 。,我 希望 找 妹子 火速 去 办公室 商量 这 件 事 。
