line_id,original_sentence,translated_sentence
102,小区 环境 非常 幽静 ： 有 多 处 playground 和 公园 ， 很 适合 有 孩子 （ 和 老人 ） 的 家庭 在,小区 环境 非常 幽静 ： 有 多 处 休闲 场地 和 公园 ， 很 适合 有 孩子 （ 和 老人 ） 的 家庭 在
58,且 在 寒冷 的 匹兹堡 cover 所有 暖气 费 ！,且 在 寒冷 的 匹兹堡 包含 所有 暖气 费 ！
328,我们 人 都 很 nice 啦 生活 也 都 很 规律 。,我们 人 都 很 很 好 啦 生活 也 都 很 规律 。
778,房子 共 三 层 ， 出租 的 是 二 楼 的 bedroom ， 二 楼 有 独立 厨房 和 卫生间 。,房子 共 三 层 ， 出租 的 是 二 楼 的 房子 ， 二 楼 有 独立 厨房 和 卫生间 。
1097,但是 评论 人 本身 的 评价 权利 是 他们 具有 的 first amendment rights 所 保护 的 。,但是 评论 人 本身 的 评价 权利 是 他们 具有 的 第一 修正案 所 保护 的 。
