line_id,original_sentence,translated_sentence
166,具体 email 沟通 em@26,具体 发 邮件 沟通 em@26
861,三 层 楼 house,三 层 楼 独 栋 住宅
1507,因为 楼主 的 车 在 final week 被 拖 了 三 次 ！,因为 楼主 的 车 在 期末 周 被 拖 了 三 次 ！
992,august 10-16 ： 就 是 正式 的 餐馆 周 啦,八月 10-16 ： 就 是 正式 的 餐馆 周 啦
993,downtown 有 个 公寓 叫 washington plaza ， view 啊 户型 啊 ， 都 极 好 ， 没有 车 也 有 公交 ， 车位 充足 生活 便利 。,各 有 个 公寓 叫 华盛顿 广场 ， 风景 啊 户型 啊 ， 都 极 好 ， 没有 车 也 有 公交 ， 车位 充足 生活 便利 。
