line_id,original_sentence,translated_sentence
551,前任 车主 都 是 学生 ， 车子 一直 都 在 dealer 定期 保养 ， 有 发票 。,前任 车主 都 是 学生 ， 车子 一直 都 在 除了 车 经销商 定期 保养 ， 有 发票 。
1240,伦敦 furniture and household goods 低价 转让 ， 部 .,伦敦 家具 和 家务 用具 低价 转让 ， 部 。
629,站 内 联系 ， thx 我 有 较小 书桌 加 转椅 出售 有 兴趣 我 发 图 到 你 邮箱,站 内 联系 ， 谢谢 我 有 较小 书桌 加 转椅 出售 有 兴趣 我 发 图 到 你 邮箱
976,参加 信息 ， 论坛 详情 见 flyer ！,参加 信息 ， 论坛 详情 见 传单 ！
239,house 另 一 户 内 还有 大小 房间 可 供 选择 。,房子 另 一 户 内 还有 大小 房间 可 供 选择 。
