line_id,original_sentence,translated_sentence
201,现在 出租 该 house 三 层 的 三 件 卧室 中 的 一 间 。,现在 出租 该 房子 三 层 的 三 件 卧室 中 的 一 间 。
186,如果 你们 同学 结伴 而来 ， 愿意 租 整 个 house ( 里面 可能 2-5 个 卧室 的 都 有 ) ， 也 可以 。,如果 你们 同学 结伴 而来 ， 愿意 租 整 个 房子 ( 里面 可能 2-5 个 卧室 的 都 有 ) ， 也 可以 。
1448,oak hill 是 属于 cooper beech 的 房产 ， 三 层 三 个 卧室 的 house ， 小区 环境 很 美 ， 房间 超大 。,橡树山 是 属于 铜山 毛榉 的 房产 ， 三 层 三 个 卧室 的 床 ， 小区 环境 很 美 ， 房间 超大 。
443,房租 是 410/month 包 水 和 暖气 （ 冬天 省 了 一 大 笔 money ） 只 需要 share 电 和 网路 。,房租 是 410/month 包 水 和 暖气 （ 冬天 省 了 一 大 笔 钱 ） 只 需要 共享 电 和 网路 。
591,两 张 queen size 的 床 ， 宜家 购入 ， 很 新 ！,两 张 较大 床 的 床 ， 宜家 购入 ， 很 新 ！
