line_id,original_sentence,translated_sentence
752,［ 治安 ］ 附近 治安 好 ， 公寓 有 doorman ， 收发 快递 也 方便 。,［ 治安 ］ 附近 治安 好 ， 公寓 有 门卫 ， 收发 快递 也 方便 。
1026,我 自己 有 tv mount （ 电视 挂 墙 上 的 架子 ） 。,我 已 有 电视 挂 墙 上 的 架子 。
1077,ride 大部分 时间 都 有 ！,申请 车 大部分 时间 都 有 ！
87,现在 还是 available 吗 ？,现在 还是 空闲 的 吗 ？
8,感兴趣 的 同学 ， 欢迎 email （ 请 注明 “ 租房 ” ） ， 请 简单 介绍 一下 自己 。,感兴趣 的 同学 ， 欢迎 发送 邮件 （ 请 注明 “ 租房 ” ） ， 请 简单 介绍 一下 自己 。
