line_id,original_sentence,translated_sentence
92,朋友 来 聚餐 ， 开 party 都 有 足够 空间 。,朋友 来 聚餐 ， 开 派对 都 有 足够 空间 。
1030,将 这个 电子 保单 和 email 里 的 保险 确认 信 visa letter 发给 学校 ， 证明 你 已经 购买 符合 学校 标准 的 保险 。,将 这个 电子 保单 和 邮件 里 的 保险 确认 信 确认 信 发给 学校 ， 证明 你 已经 购买 符合 学校 标准 的 保险 。
428,出租 一 间 小 卧室 ， 是 一 个 house 的 一 层 ， 三 室 两 厅 一 厨房 一 卫生间 一 地下室 。,出租 一 间 小 卧室 ， 是 一 个 东西 的 一 层 ， 三 室 两 厅 一 厨房 一 卫生间 一 地下室 。
161,短期 的 summer lease 也 可 考虑 。,短期 的 暑期 短 租 也 可 考虑 。
1041,直接 与 office 签约 。,直接 与 物业 办公室 签约 。
