line_id,original_sentence,translated_sentence
637,moving sale - 高清 电视 ， 家具 和 汽车 。,持续 甩卖 高清 电视 ， 家具 和 汽车 。
585,因为 是 本人 的 第一 辆 车 ， 所以 非常 爱惜 ， 定期 dealer 做 保养 。,因为 是 本人 的 第一 辆 车 ， 所以 非常 爱惜 ， 定期 汽车 经销商 做 保养 。
782,环境 ： 住宅 街区 ， free parking 。,环境 ： 住宅 街区 ， 免费 停车 。
1087,但是 车 的 保险 的 agent 基本上 属于 那 种 没有 音信 的 那 种 ， 发 邮件 不 回 ， 打 电话 请 留言 的 。,但是 车 的 保险 的 公交 基本上 属于 那 种 没有 音信 的 那 种 ， 发 邮件 不 回 ， 打 电话 请 留言 的 。
230,卫生间 ： 卫生间 是 跟 一 个 住 小 卧室 的 男生 share 。,卫生间 ： 卫生间 是 跟 一 个 住 小 卧室 的 男生 共用 。
