line_id,original_sentence,translated_sentence
837,apartment ， 两 室 一 厅 ， 出租 其中 一 间 卧室 。,公寓 ， 两 室 一 厅 ， 出租 其中 一 间 卧室 。
533,房子 可以 不 签 lease ， 但 需要 付 一 个 月 的 押金 。,房子 可以 不 签 租约 ， 但 需要 付 一 个 月 的 押金 。
1270,洗衣 房 在 同 一 幢 building 里面 ， $ 1 .,洗衣 房 在 同 一 幢 在 里面 ， $ 1 。
1090,limited tort 主要 是 精神 赔偿 吧 ？,限制 侵权 主要 是 精神 赔偿 吧 ？
702,可以 支撑 起来 看 视频 的 case,可以 支撑 起来 看 视频 的 外壳
