line_id,original_sentence,translated_sentence
581,显卡 ： integrated ;,显卡 ： 整合 ;
447,男生 only ！,男生 接受 ！
383,备注 : 这 间 apartment 住房 的 质量 不同 ， 有的 房间 暖气 什么 都 不 work ， 我们 房间 各 个 设施 都 可以 work .,备注 : 这 间 公寓 住房 的 质量 不同 ， 有的 房间 暖气 什么 都 不 好使 ， 我们 房间 各 个 设施 都 可以 使用 。
1199,第二 年 开始 ， 是否 继续 ta 要 看 导师 有 没 有 funding 给 你 付 工资 和 学费 ， 很少 有 五 年 都 ta 的 人 ， 也 很 少 有 五 年 都 ra 的 人,第二 年 开始 ， 是否 继续 教学 助理 要 看 导师 有 没 有 资金 给 你 付 工资 和 学费 ， 很少 有 五 年 都 教学 助理 的 人 ， 也 很 少 有 五 年 都 宿舍 管理 的 人
627,出售 全新 lock 饭盒 ， 价钱 可 商量 。,出售 全新 乐 扣 乐 扣 饭盒 ， 价钱 可 商量 。
