line_id,original_sentence,translated_sentence
558,可 议价 ， 住 house 必备,可 议价 ， 住 房 子 必备
68,可以 share 大部分 家用 电器 ， 厨房 用品 ， 家具 等 。,可以 共用 大部分 家用 电器 ， 厨房 用品 ， 家具 等 。
101,夏天 开始 ， yearly lease 。,夏天 开始 ， 一 年 租期 。
69,一 楼 还 有 一 个 健身房 ， 及 vending machine + 小 食品 店 ， 深夜 饿 了 买 吃 的 方便 。,一 楼 还 有 一 个 健身房 ， 及 自动 售卖 机和 小 食品 店 ， 深夜 饿 了 买 吃 的 方便 。
360,我 也 可以 pm 把 email 给 您 。,我 也 可以 共用 把 邮件 给 您 。
