line_id,original_sentence,translated_sentence
101,夏天 开始 ， yearly lease 。,夏天 开始 ， 一 年 租期 。
1137,求 ride !,求 可 ！
14,对比 其他 地方 ， 可能 和 很多 人 share ， 并且 还 很 贵 ！,对比 其他 地方 ， 可能 和 很多 人 共用 ， 并且 还 很 贵 ！
1248,一 楼 living room ， kitchen ， dining room ， 一 个 卫生间 .,一 楼 客厅 ， 厨房 ， 餐厅 ， 一 个 卫生间 。
503,整 套 apt 位 于 一 栋 house 的 二 层 ， 三 室 两 厅 ， 中央 空调 ， 各 种 设施 齐全 而且 非常 新 !,整 套 公寓 位 于 一 栋 房子 的 二 层 ， 三 室 两 厅 ， 中央 空调 ， 各 种 设施 齐全 而且 非常 新 !
