line_id,original_sentence,translated_sentence
1662,可以 给 新 老生 提供 chase 的 信用卡 referral .,可以 给 新 老生 提供 美国 大通 银行 的 信用卡 引荐 信 。
1621,me too ， 也 有 人 给 我 发 网址 。,我 也 是 ， 也 有 人 给 我 发 网址 。
1524,停车 免费 ， guest parking 也 是 免费 。,停车 免费 ， 客人 停车 也 是 免费 。
1321,有 兴趣 可 email 至 em@32,有 兴趣 可 环境 至 em@32
99,上学 放学 so easy ！,上学 放学 很 方便 ！
