line_id,original_sentence,translated_sentence
253,有 一 个 后院 ， 两 个 车库 share ， 不过 街 pa 最 方便 。,有 一 个 后院 ， 共用 两 个 车库 ， 不过 沿街 停车 最 方便 。
585,因为 是 本人 的 第一 辆 车 ， 所以 非常 爱惜 ， 定期 dealer 做 保养 。,因为 是 本人 的 第一 辆 车 ， 所以 非常 爱惜 ， 定期 汽车 经销商 做 保养 。
195,家具 柜子 ， 书桌 ， 饭桌 ， 椅子 ， 台灯 ， queen size bed ， 配置 齐全 ， 拎包 入住 。,家具 柜子 ， 书桌 ， 饭桌 ， 椅子 ， 台灯 ， 水电 双人床 ， 配置 齐全 ， 拎包 入住 。
1481,同时 住 的 安静 ， 不 想 social 也 可以 过 一 个 安静 祥和 的 暑假 。,同时 住 的 安静 ， 不 想 社会 也 可以 过 一 个 安静 祥和 的 暑假 。
335,house 门口 免费 停车 。,独 栋 门口 免费 停车 。
