word,frequency
house,0.0011956858198945127
size,7.829617805400615E-4
lease,6.433639436995855E-4
ride,5.037661068591093E-4
email,4.612798086902688E-4
share,4.491408663563144E-4
nice,4.1272403935445107E-4
full,3.9451562585351936E-4
apartment,3.8844615468654214E-4
bus,3.763072123525877E-4
room,3.398903853507244E-4
queen,3.338209141837472E-4
utility,3.2168197184979274E-4
closet,3.095430295158383E-4
bedroom,3.034735583488611E-4
party,2.7919567368095216E-4
available,2.4277884667908884E-4
parking,2.3670937551211163E-4
plan,2.3670937551211163E-4
pass,2.1243149084420275E-4
office,2.002925485102483E-4
bathroom,1.8208413500931663E-4
living,1.7601466384233942E-4
title,1.5780625034140776E-4
floor,1.4566730800745332E-4
utilities,1.3959783684047608E-4
downtown,1.3959783684047608E-4
apt,1.3352836567349886E-4
clean,1.3352836567349886E-4
free,1.3352836567349886E-4
phd,1.2745889450652164E-4
in,1.153199521725672E-4
permit,1.0925048100558999E-4
studio,1.0925048100558999E-4
sale,1.0318100983861277E-4
hello,1.0318100983861277E-4
bed,9.711153867163554E-5
family,9.104206750465832E-5
dining,9.104206750465832E-5
dealer,9.104206750465832E-5
box,8.49725963376811E-5
dryer,8.49725963376811E-5
to,8.49725963376811E-5
update,8.49725963376811E-5
king,7.890312517070388E-5
and,7.283365400372666E-5
furnished,7.283365400372666E-5
for,7.283365400372666E-5
summer,7.283365400372666E-5
twin,7.283365400372666E-5
prefer,7.283365400372666E-5
the,6.676418283674943E-5
couple,6.676418283674943E-5
cable,6.676418283674943E-5
street,6.676418283674943E-5
washer,6.676418283674943E-5
fee,6.676418283674943E-5
text,6.676418283674943E-5
no,6.676418283674943E-5
one,6.676418283674943E-5
garage,6.676418283674943E-5
gas,6.676418283674943E-5
mattress,6.069471166977221E-5
month,6.069471166977221E-5
moving,5.462524050279499E-5
block,5.462524050279499E-5
all,5.462524050279499E-5
state,5.462524050279499E-5
deposit,5.462524050279499E-5
basement,5.462524050279499E-5
cover,5.462524050279499E-5
agent,5.462524050279499E-5
five,5.462524050279499E-5
building,4.855576933581777E-5
condition,4.855576933581777E-5
walk,4.855576933581777E-5
management,4.855576933581777E-5
id,4.855576933581777E-5
inspection,4.855576933581777E-5
preferred,4.855576933581777E-5
manager,4.855576933581777E-5
doorman,4.855576933581777E-5
half,4.248629816884055E-5
a,4.248629816884055E-5
check,4.248629816884055E-5
gym,4.248629816884055E-5
kitchen,4.248629816884055E-5
shuttle,4.248629816884055E-5
is,4.248629816884055E-5
student,4.248629816884055E-5
master,4.248629816884055E-5
security,4.248629816884055E-5
1,3.641682700186333E-5
fully,3.641682700186333E-5
card,3.641682700186333E-5
park,3.641682700186333E-5
offer,3.641682700186333E-5
you,3.641682700186333E-5
deck,3.641682700186333E-5
laundry,3.641682700186333E-5
high,3.641682700186333E-5
or,3.641682700186333E-5
single,3.641682700186333E-5
bath,3.641682700186333E-5
clubhouse,3.641682700186333E-5
graduate,3.0347355834886106E-5
stop,3.0347355834886106E-5
good,3.0347355834886106E-5
spring,3.0347355834886106E-5
college,3.0347355834886106E-5
shopping,3.0347355834886106E-5
pizza,3.0347355834886106E-5
pets,3.0347355834886106E-5
rent,3.0347355834886106E-5
front,3.0347355834886106E-5
bar,3.0347355834886106E-5
baby,3.0347355834886106E-5
off,3.0347355834886106E-5
of,3.0347355834886106E-5
playground,3.0347355834886106E-5
on,3.0347355834886106E-5
lobby,3.0347355834886106E-5
august,3.0347355834886106E-5
seat,3.0347355834886106E-5
please,3.0347355834886106E-5
yearly,3.0347355834886106E-5
fall,3.0347355834886106E-5
only,3.0347355834886106E-5
visitor,3.0347355834886106E-5
car,3.0347355834886106E-5
8,2.4277884667908884E-5
list,2.4277884667908884E-5
gone,2.4277884667908884E-5
young,2.4277884667908884E-5
sorry,2.4277884667908884E-5
gift,2.4277884667908884E-5
pet,2.4277884667908884E-5
top,2.4277884667908884E-5
new,2.4277884667908884E-5
professional,2.4277884667908884E-5
holder,2.4277884667908884E-5
call,2.4277884667908884E-5
town,2.4277884667908884E-5
neighborhood,2.4277884667908884E-5
window,2.4277884667908884E-5
tennis,2.4277884667908884E-5
visit,2.4277884667908884E-5
account,2.4277884667908884E-5
mile,2.4277884667908884E-5
easy,2.4277884667908884E-5
flexible,2.4277884667908884E-5
defamation,2.4277884667908884E-5
take,2.4277884667908884E-5
final,2.4277884667908884E-5
sold,2.4277884667908884E-5
hi,2.4277884667908884E-5
me,2.4277884667908884E-5
plus,2.4277884667908884E-5
heat,2.4277884667908884E-5
smoking,2.4277884667908884E-5
outdoor,2.4277884667908884E-5
ps,2.4277884667908884E-5
shared,2.4277884667908884E-5
so,2.4277884667908884E-5
still,2.4277884667908884E-5
work,2.4277884667908884E-5
leasing,2.4277884667908884E-5
link,2.4277884667908884E-5
paper,2.4277884667908884E-5
roommate,2.4277884667908884E-5
3,1.8208413500931665E-5
guest,1.8208413500931665E-5
m,1.8208413500931665E-5
grocery,1.8208413500931665E-5
standard,1.8208413500931665E-5
post,1.8208413500931665E-5
area,1.8208413500931665E-5
hard,1.8208413500931665E-5
gre,1.8208413500931665E-5
message,1.8208413500931665E-5
service,1.8208413500931665E-5
picture,1.8208413500931665E-5
etc,1.8208413500931665E-5
liability,1.8208413500931665E-5
unit,1.8208413500931665E-5
mock,1.8208413500931665E-5
interested,1.8208413500931665E-5
maintenance,1.8208413500931665E-5
night,1.8208413500931665E-5
toilet,1.8208413500931665E-5
penn,1.8208413500931665E-5
are,1.8208413500931665E-5
ask,1.8208413500931665E-5
view,1.8208413500931665E-5
furniture,1.8208413500931665E-5
school,1.8208413500931665E-5
time,1.8208413500931665E-5
happy,1.8208413500931665E-5
fan,1.8208413500931665E-5
savings,1.8208413500931665E-5
double,1.8208413500931665E-5
apartments,1.8208413500931665E-5
centre,1.8208413500931665E-5
waive,1.8208413500931665E-5
day,1.8208413500931665E-5
move,1.8208413500931665E-5
mean,1.8208413500931665E-5
wireless,1.8208413500931665E-5
ac,1.8208413500931665E-5
drive,1.8208413500931665E-5
deal,1.8208413500931665E-5
mini,1.8208413500931665E-5
visa,1.8208413500931665E-5
interview,1.8208413500931665E-5
shipping,1.8208413500931665E-5
contact,1.8208413500931665E-5
club,1.8208413500931665E-5
frame,1.8208413500931665E-5
waiver,1.8208413500931665E-5
very,1.8208413500931665E-5
modem,1.8208413500931665E-5
if,1.8208413500931665E-5
table,1.8208413500931665E-5
break,1.8208413500931665E-5
use,1.8208413500931665E-5
main,1.8208413500931665E-5
bumper,1.8208413500931665E-5
code,1.8208413500931665E-5
included,1.8208413500931665E-5
about,1.8208413500931665E-5
trees,1.8208413500931665E-5
toaster,1.8208413500931665E-5
prepaid,1.8208413500931665E-5
money,1.8208413500931665E-5
price,1.8208413500931665E-5
safety,1.8208413500931665E-5
van,1.8208413500931665E-5
word,1.8208413500931665E-5
token,1.8208413500931665E-5
first,1.8208413500931665E-5
tag,1.8208413500931665E-5
like,1.8208413500931665E-5
speaker,1.8208413500931665E-5
hall,1.2138942333954442E-5
your,1.2138942333954442E-5
cafeteria,1.2138942333954442E-5
quote,1.2138942333954442E-5
pick,1.2138942333954442E-5
vin,1.2138942333954442E-5
excellent,1.2138942333954442E-5
2,1.2138942333954442E-5
5,1.2138942333954442E-5
policy,1.2138942333954442E-5
acc,1.2138942333954442E-5
powered,1.2138942333954442E-5
thx,1.2138942333954442E-5
dishwasher,1.2138942333954442E-5
ticket,1.2138942333954442E-5
rich,1.2138942333954442E-5
better,1.2138942333954442E-5
coffee,1.2138942333954442E-5
lady,1.2138942333954442E-5
american,1.2138942333954442E-5
air,1.2138942333954442E-5
native,1.2138942333954442E-5
screen,1.2138942333954442E-5
body,1.2138942333954442E-5
rear,1.2138942333954442E-5
tower,1.2138942333954442E-5
tort,1.2138942333954442E-5
semester,1.2138942333954442E-5
english,1.2138942333954442E-5
letter,1.2138942333954442E-5
accident,1.2138942333954442E-5
learner's,1.2138942333954442E-5
team,1.2138942333954442E-5
officer,1.2138942333954442E-5
last,1.2138942333954442E-5
campus,1.2138942333954442E-5
parties,1.2138942333954442E-5
backyard,1.2138942333954442E-5
center,1.2138942333954442E-5
way,1.2138942333954442E-5
refer,1.2138942333954442E-5
yard,1.2138942333954442E-5
tips,1.2138942333954442E-5
cash,1.2138942333954442E-5
bedrooms,1.2138942333954442E-5
fireplace,1.2138942333954442E-5
lot,1.2138942333954442E-5
low,1.2138942333954442E-5
funding,1.2138942333954442E-5
chair,1.2138942333954442E-5
garden,1.2138942333954442E-5
board,1.2138942333954442E-5
friendly,1.2138942333954442E-5
group,1.2138942333954442E-5
porch,1.2138942333954442E-5
timing,1.2138942333954442E-5
history,1.2138942333954442E-5
market,1.2138942333954442E-5
request,1.2138942333954442E-5
game,1.2138942333954442E-5
integrated,1.2138942333954442E-5
sheet,1.2138942333954442E-5
outlets,1.2138942333954442E-5
den,1.2138942333954442E-5
prime,1.2138942333954442E-5
profile,1.2138942333954442E-5
bill,1.2138942333954442E-5
as,1.2138942333954442E-5
wll,1.2138942333954442E-5
brother,1.2138942333954442E-5
mirror,1.2138942333954442E-5
how,1.2138942333954442E-5
set,1.2138942333954442E-5
sewage,1.2138942333954442E-5
faculty,1.2138942333954442E-5
legal,1.2138942333954442E-5
heating,1.2138942333954442E-5
little,1.2138942333954442E-5
em@139,1.2138942333954442E-5
back,1.2138942333954442E-5
owner,1.2138942333954442E-5
renew,1.2138942333954442E-5
bid,1.2138942333954442E-5
warranty,1.2138942333954442E-5
lock,1.2138942333954442E-5
it,1.2138942333954442E-5
deliver,1.2138942333954442E-5
stand,1.2138942333954442E-5
agents,1.2138942333954442E-5
return,1.2138942333954442E-5
usb,1.2138942333954442E-5
bonus,1.2138942333954442E-5
usd,1.2138942333954442E-5
claim,1.2138942333954442E-5
loft,1.2138942333954442E-5
my,1.2138942333954442E-5
dish,1.2138942333954442E-5
attached,1.2138942333954442E-5
oil,1.2138942333954442E-5
social,1.2138942333954442E-5
online,1.2138942333954442E-5
pm,1.2138942333954442E-5
12,1.2138942333954442E-5
mall,1.2138942333954442E-5
labor,1.2138942333954442E-5
rm,1.2138942333954442E-5
activity,1.2138942333954442E-5
min,1.2138942333954442E-5
suv,1.2138942333954442E-5
ta,1.2138942333954442E-5
face,1.2138942333954442E-5
tv,1.2138942333954442E-5
up,1.2138942333954442E-5
we,1.2138942333954442E-5
coverage,1.2138942333954442E-5
reading,1.2138942333954442E-5
argue,1.2138942333954442E-5
mechanic,1.2138942333954442E-5
balcony,1.2138942333954442E-5
proof,1.2138942333954442E-5
indoor,1.2138942333954442E-5
extension,1.2138942333954442E-5
pictures,1.2138942333954442E-5
out,1.2138942333954442E-5
filter,1.2138942333954442E-5
date,1.2138942333954442E-5
router,1.2138942333954442E-5
collision,1.2138942333954442E-5
person,1.2138942333954442E-5
week,1.2138942333954442E-5
line,1.2138942333954442E-5
powder,1.2138942333954442E-5
can,1.2138942333954442E-5
smooth,1.2138942333954442E-5
bicycle,6.069471166977221E-6
year,6.069471166977221E-6
would,6.069471166977221E-6
essentials,6.069471166977221E-6
tel,6.069471166977221E-6
8/1,6.069471166977221E-6
near,6.069471166977221E-6
google,6.069471166977221E-6
condo,6.069471166977221E-6
585$/month,6.069471166977221E-6
exam,6.069471166977221E-6
reserved,6.069471166977221E-6
6,6.069471166977221E-6
7,6.069471166977221E-6
$600一,6.069471166977221E-6
institute,6.069471166977221E-6
boston,6.069471166977221E-6
forest,6.069471166977221E-6
yellow,6.069471166977221E-6
weekly,6.069471166977221E-6
dollar,6.069471166977221E-6
dual,6.069471166977221E-6
resume,6.069471166977221E-6
union,6.069471166977221E-6
r,6.069471166977221E-6
x,6.069471166977221E-6
fifth,6.069471166977221E-6
days,6.069471166977221E-6
yours,6.069471166977221E-6
register,6.069471166977221E-6
liberal,6.069471166977221E-6
acceptable,6.069471166977221E-6
cozy,6.069471166977221E-6
turbo,6.069471166977221E-6
analytics,6.069471166977221E-6
leave,6.069471166977221E-6
a$600,6.069471166977221E-6
female,6.069471166977221E-6
bookcase$83,6.069471166977221E-6
pay,6.069471166977221E-6
hesitate,6.069471166977221E-6
alignment,6.069471166977221E-6
activation,6.069471166977221E-6
private,6.069471166977221E-6
shady,6.069471166977221E-6
baggage,6.069471166977221E-6
applied,6.069471166977221E-6
medium,6.069471166977221E-6
hats$5,6.069471166977221E-6
miles,6.069471166977221E-6
overnight,6.069471166977221E-6
pasta,6.069471166977221E-6
live,6.069471166977221E-6
multiple,6.069471166977221E-6
rice,6.069471166977221E-6
with,6.069471166977221E-6
program-business,6.069471166977221E-6
biotechnology,6.069471166977221E-6
irrelevant,6.069471166977221E-6
considered,6.069471166977221E-6
toll,6.069471166977221E-6
agu,6.069471166977221E-6
property,6.069471166977221E-6
flow,6.069471166977221E-6
jane,6.069471166977221E-6
gated,6.069471166977221E-6
exit,6.069471166977221E-6
system,6.069471166977221E-6
driver,6.069471166977221E-6
spot,6.069471166977221E-6
valet,6.069471166977221E-6
women,6.069471166977221E-6
wait,6.069471166977221E-6
28''x,6.069471166977221E-6
local,6.069471166977221E-6
instant,6.069471166977221E-6
412,6.069471166977221E-6
too,6.069471166977221E-6
rights,6.069471166977221E-6
electronic,6.069471166977221E-6
have,6.069471166977221E-6
restroom,6.069471166977221E-6
rotors,6.069471166977221E-6
question,6.069471166977221E-6
premier,6.069471166977221E-6
noisy,6.069471166977221E-6
driveway,6.069471166977221E-6
135，000,6.069471166977221E-6
honor,6.069471166977221E-6
lab,6.069471166977221E-6
employee,6.069471166977221E-6
points,6.069471166977221E-6
judgment,6.069471166977221E-6
towel,6.069471166977221E-6
buffet,6.069471166977221E-6
traffic,6.069471166977221E-6
vending,6.069471166977221E-6
heater,6.069471166977221E-6
estate,6.069471166977221E-6
7-27/2016--,6.069471166977221E-6
real,6.069471166977221E-6
gasket,6.069471166977221E-6
improve,6.069471166977221E-6
october,6.069471166977221E-6
chinatown,6.069471166977221E-6
week/a,6.069471166977221E-6
trick,6.069471166977221E-6
buss,6.069471166977221E-6
abroad,6.069471166977221E-6
crib,6.069471166977221E-6
lamp,6.069471166977221E-6
requirement,6.069471166977221E-6
korean,6.069471166977221E-6
any,6.069471166977221E-6
application,6.069471166977221E-6
amendment,6.069471166977221E-6
weekends,6.069471166977221E-6
shift,6.069471166977221E-6
led,6.069471166977221E-6
skills,6.069471166977221E-6
15'',6.069471166977221E-6
recycle,6.069471166977221E-6
pivot,6.069471166977221E-6
dance,6.069471166977221E-6
remain,6.069471166977221E-6
mount,6.069471166977221E-6
alex,6.069471166977221E-6
circle,6.069471166977221E-6
seasoning,6.069471166977221E-6
appliances,6.069471166977221E-6
dollars,6.069471166977221E-6
availability,6.069471166977221E-6
two,6.069471166977221E-6
320/per,6.069471166977221E-6
excuse,6.069471166977221E-6
pot,6.069471166977221E-6
supplemental,6.069471166977221E-6
10-16,6.069471166977221E-6
popular,6.069471166977221E-6
arts,6.069471166977221E-6
quiz,6.069471166977221E-6
black,6.069471166977221E-6
mattress+box,6.069471166977221E-6
calm,6.069471166977221E-6
purple,6.069471166977221E-6
optical,6.069471166977221E-6
slides,6.069471166977221E-6
foam,6.069471166977221E-6
goods,6.069471166977221E-6
blender,6.069471166977221E-6
mouse,6.069471166977221E-6
white,6.069471166977221E-6
houses,6.069471166977221E-6
for$19500,6.069471166977221E-6
dust,6.069471166977221E-6
budget,6.069471166977221E-6
att,6.069471166977221E-6
from$85,6.069471166977221E-6
engineering,6.069471166977221E-6
10-20%,6.069471166977221E-6
inspected,6.069471166977221E-6
district,6.069471166977221E-6
updated,6.069471166977221E-6
pepper,6.069471166977221E-6
shop,6.069471166977221E-6
distance,6.069471166977221E-6
aux,6.069471166977221E-6
show,6.069471166977221E-6
shot,6.069471166977221E-6
bedding,6.069471166977221E-6
now,6.069471166977221E-6
statement,6.069471166977221E-6
memorial,6.069471166977221E-6
apt$750,6.069471166977221E-6
shoe,6.069471166977221E-6
rack,6.069471166977221E-6
green,6.069471166977221E-6
breaks,6.069471166977221E-6
yep,6.069471166977221E-6
purchase,6.069471166977221E-6
pass，$45,6.069471166977221E-6
start,6.069471166977221E-6
learner,6.069471166977221E-6
paid,6.069471166977221E-6
program,6.069471166977221E-6
three,6.069471166977221E-6
roommates,6.069471166977221E-6
room$330,6.069471166977221E-6
catch,6.069471166977221E-6
case,6.069471166977221E-6
light,6.069471166977221E-6
22'',6.069471166977221E-6
meals,6.069471166977221E-6
cherry,6.069471166977221E-6
throttle,6.069471166977221E-6
damage,6.069471166977221E-6
study,6.069471166977221E-6
pattern,6.069471166977221E-6
paperwork,6.069471166977221E-6
vehicle,6.069471166977221E-6
physics,6.069471166977221E-6
theme,6.069471166977221E-6
burner,6.069471166977221E-6
chain,6.069471166977221E-6
more,6.069471166977221E-6
display,6.069471166977221E-6
anytime,6.069471166977221E-6
january,6.069471166977221E-6
chat,6.069471166977221E-6
small,6.069471166977221E-6
door,6.069471166977221E-6
booking,6.069471166977221E-6
before,6.069471166977221E-6
used,6.069471166977221E-6
frick,6.069471166977221E-6
beat,6.069471166977221E-6
created,6.069471166977221E-6
water,6.069471166977221E-6
important,6.069471166977221E-6
keep,6.069471166977221E-6
daily,6.069471166977221E-6
eagle,6.069471166977221E-6
topic,6.069471166977221E-6
ipad,6.069471166977221E-6
cloth,6.069471166977221E-6
option,6.069471166977221E-6
sponsor,6.069471166977221E-6
part,6.069471166977221E-6
firestone,6.069471166977221E-6
convertible,6.069471166977221E-6
clear,6.069471166977221E-6
soda,6.069471166977221E-6
meal,6.069471166977221E-6
hurry,6.069471166977221E-6
7/14/2017,6.069471166977221E-6
projects,6.069471166977221E-6
for$57,6.069471166977221E-6
neighbourhood,6.069471166977221E-6
pn-2,6.069471166977221E-6
giant,6.069471166977221E-6
outlet,6.069471166977221E-6
beer,6.069471166977221E-6
tittle,6.069471166977221E-6
soft,6.069471166977221E-6
ad,6.069471166977221E-6
7-9,6.069471166977221E-6
going,6.069471166977221E-6
an,6.069471166977221E-6
bbs,6.069471166977221E-6
at,6.069471166977221E-6
intermediate,6.069471166977221E-6
2017-10-17,6.069471166977221E-6
be,6.069471166977221E-6
insured,6.069471166977221E-6
coding,6.069471166977221E-6
see,6.069471166977221E-6
mins,6.069471166977221E-6
civil,6.069471166977221E-6
hotel,6.069471166977221E-6
panel,6.069471166977221E-6
charge,6.069471166977221E-6
business,6.069471166977221E-6
joined,6.069471166977221E-6
candles$2,6.069471166977221E-6
vietnamese,6.069471166977221E-6
possible,6.069471166977221E-6
right,6.069471166977221E-6
transition,6.069471166977221E-6
march,6.069471166977221E-6
june,6.069471166977221E-6
ineligible,6.069471166977221E-6
quarter,6.069471166977221E-6
rooms,6.069471166977221E-6
seater,6.069471166977221E-6
emergency,6.069471166977221E-6
recreational,6.069471166977221E-6
dr,6.069471166977221E-6
hold,6.069471166977221E-6
chinese,6.069471166977221E-6
baking,6.069471166977221E-6
later,6.069471166977221E-6
passport,6.069471166977221E-6
in-buil,6.069471166977221E-6
beginner,6.069471166977221E-6
creativity,6.069471166977221E-6
info,6.069471166977221E-6
em@142,6.069471166977221E-6
test,6.069471166977221E-6
landry,6.069471166977221E-6
downstairs,6.069471166977221E-6
carry,6.069471166977221E-6
deep,6.069471166977221E-6
waived,6.069471166977221E-6
412-6518342,6.069471166977221E-6
ding,6.069471166977221E-6
alert,6.069471166977221E-6
tank,6.069471166977221E-6
just,6.069471166977221E-6
prince,6.069471166977221E-6
over,6.069471166977221E-6
oven,6.069471166977221E-6
i.,6.069471166977221E-6
monitor,6.069471166977221E-6
2017,6.069471166977221E-6
relocate,6.069471166977221E-6
iron,6.069471166977221E-6
big,6.069471166977221E-6
mechanical,6.069471166977221E-6
delayed,6.069471166977221E-6
soon,6.069471166977221E-6
thanks,6.069471166977221E-6
tables,6.069471166977221E-6
navigation,6.069471166977221E-6
corner,6.069471166977221E-6
model,6.069471166977221E-6
join,6.069471166977221E-6
ie,6.069471166977221E-6
fri,6.069471166977221E-6
lying,6.069471166977221E-6
hallway,6.069471166977221E-6
belt,6.069471166977221E-6
lower,6.069471166977221E-6
and$100,6.069471166977221E-6
7/31/2018,6.069471166977221E-6
bathrooms,6.069471166977221E-6
legion,6.069471166977221E-6
printed,6.069471166977221E-6
traditional,6.069471166977221E-6
field,6.069471166977221E-6
messages,6.069471166977221E-6
for$450/person/month,6.069471166977221E-6
chiclet-style,6.069471166977221E-6
noodle,6.069471166977221E-6
barbecue,6.069471166977221E-6
sewer,6.069471166977221E-6
clearance,6.069471166977221E-6
crime,6.069471166977221E-6
man,6.069471166977221E-6
everything,6.069471166977221E-6
surround,6.069471166977221E-6
bread,6.069471166977221E-6
side,6.069471166977221E-6
immigration,6.069471166977221E-6
forward,6.069471166977221E-6
could,6.069471166977221E-6
$25,6.069471166977221E-6
restaurant,6.069471166977221E-6
rental,6.069471166977221E-6
machine,6.069471166977221E-6
candle,6.069471166977221E-6
report,6.069471166977221E-6
fun,6.069471166977221E-6
feet,6.069471166977221E-6
townhouse,6.069471166977221E-6
intermittent,6.069471166977221E-6
feel,6.069471166977221E-6
photos,6.069471166977221E-6
second,6.069471166977221E-6
550,6.069471166977221E-6
plaza,6.069471166977221E-6
that,6.069471166977221E-6
skirt,6.069471166977221E-6
room+kichen,6.069471166977221E-6
－$203,6.069471166977221E-6
trash,6.069471166977221E-6
flyer,6.069471166977221E-6
synthetic,6.069471166977221E-6
license,6.069471166977221E-6
skis,6.069471166977221E-6
remodel,6.069471166977221E-6
best,6.069471166977221E-6
storage,6.069471166977221E-6
closets,6.069471166977221E-6
total,6.069471166977221E-6
napkin,6.069471166977221E-6
leadership,6.069471166977221E-6
kan,6.069471166977221E-6
ok,6.069471166977221E-6
microwave,6.069471166977221E-6
heard,6.069471166977221E-6
keyboard,6.069471166977221E-6
32g,6.069471166977221E-6
control,6.069471166977221E-6
thread,6.069471166977221E-6
enrollment,6.069471166977221E-6
pa,6.069471166977221E-6
due,6.069471166977221E-6
puzzle,6.069471166977221E-6
pn-19,6.069471166977221E-6
pn-13,6.069471166977221E-6
expended,6.069471166977221E-6
band,6.069471166977221E-6
brand,6.069471166977221E-6
moderate,6.069471166977221E-6
resident,6.069471166977221E-6
11,6.069471166977221E-6
13,6.069471166977221E-6
14,6.069471166977221E-6
19,6.069471166977221E-6
interpreter,6.069471166977221E-6
portable,6.069471166977221E-6
then,6.069471166977221E-6
ra,6.069471166977221E-6
horse,6.069471166977221E-6
wires,6.069471166977221E-6
conditions,6.069471166977221E-6
shower,6.069471166977221E-6
checking,6.069471166977221E-6
access,6.069471166977221E-6
mic,6.069471166977221E-6
yoga,6.069471166977221E-6
scam,6.069471166977221E-6
mid,6.069471166977221E-6
stakeholders,6.069471166977221E-6
sun,6.069471166977221E-6
seek,6.069471166977221E-6
christian,6.069471166977221E-6
34,6.069471166977221E-6
middle,6.069471166977221E-6
decision,6.069471166977221E-6
sticker,6.069471166977221E-6
maker,6.069471166977221E-6
store,6.069471166977221E-6
transportation,6.069471166977221E-6
confirm,6.069471166977221E-6
pull,6.069471166977221E-6
subway,6.069471166977221E-6
bug,6.069471166977221E-6
household,6.069471166977221E-6
open,6.069471166977221E-6
undergraduate,6.069471166977221E-6
43,6.069471166977221E-6
willing,6.069471166977221E-6
reasonable,6.069471166977221E-6
duplex,6.069471166977221E-6
project,6.069471166977221E-6
ice,6.069471166977221E-6
interviews,6.069471166977221E-6
zero,6.069471166977221E-6
luggage,6.069471166977221E-6
wood,6.069471166977221E-6
open-air,6.069471166977221E-6
56,6.069471166977221E-6
degree,6.069471166977221E-6
this,6.069471166977221E-6
clearances,6.069471166977221E-6
rule,6.069471166977221E-6
life,6.069471166977221E-6
honey,6.069471166977221E-6
gap,6.069471166977221E-6
examination,6.069471166977221E-6
daycare,6.069471166977221E-6
beats,6.069471166977221E-6
honda,6.069471166977221E-6
technology,6.069471166977221E-6
location,6.069471166977221E-6
dents,6.069471166977221E-6
whole,6.069471166977221E-6
conditioner,6.069471166977221E-6
inches,6.069471166977221E-6
reliable,6.069471166977221E-6
problem,6.069471166977221E-6
review,6.069471166977221E-6
efficiency,6.069471166977221E-6
30/2017,6.069471166977221E-6
contract,6.069471166977221E-6
ornaments,6.069471166977221E-6
8/5/2017-7/31/2018,6.069471166977221E-6
registration,6.069471166977221E-6
valve,6.069471166977221E-6
linguistics,6.069471166977221E-6
diner,6.069471166977221E-6
patio,6.069471166977221E-6
feature,6.069471166977221E-6
get,6.069471166977221E-6
include,6.069471166977221E-6
coupon,6.069471166977221E-6
sell,6.069471166977221E-6
house＃1&＃2house＃1,6.069471166977221E-6
4-cyl,6.069471166977221E-6
site,6.069471166977221E-6
referral,6.069471166977221E-6
no.1,6.069471166977221E-6
indian,6.069471166977221E-6
data,6.069471166977221E-6
perfect,6.069471166977221E-6
sound,6.069471166977221E-6
own,6.069471166977221E-6
space,6.069471166977221E-6
stand$10,6.069471166977221E-6
tab,6.069471166977221E-6
create,6.069471166977221E-6
from,6.069471166977221E-6
$485,6.069471166977221E-6
mileage,6.069471166977221E-6
bench,6.069471166977221E-6
individual,6.069471166977221E-6
bottom,6.069471166977221E-6
tax,6.069471166977221E-6
nicely-furnished,6.069471166977221E-6
ground,6.069471166977221E-6
send,6.069471166977221E-6
repair,6.069471166977221E-6
recovery,6.069471166977221E-6
membership,6.069471166977221E-6
outright,6.069471166977221E-6
retina,6.069471166977221E-6
flex,6.069471166977221E-6
stove,6.069471166977221E-6
player,6.069471166977221E-6
cleaning,6.069471166977221E-6
orientation,6.069471166977221E-6
programmable,6.069471166977221E-6
limited,6.069471166977221E-6
match,6.069471166977221E-6
performance,6.069471166977221E-6
challenge,6.069471166977221E-6

TotalWordCount,164759
