SentenceID,NumberOfWords,AverageSurprisalWithPunct,SurprisalOfFirstCodeSwitchedWord,AverageSurprisalOfSwitchPointWords,AaverageSurprisalOfCodeSwitchedWordsWithPunct,AverageSurprisalOfNonCodeSwitchedWordsWithPunct,CorpusName
0,8,3.497768,1.383471,1.383471,3.8431265,2.536986375,cmucssa
1,33,3.4002680363636357,3.493073,3.493073,5.7838315,3.0497327939393934,cmucssa
3,16,3.7737973625000008,6.873652,6.873652,2.8642569666666664,3.2367491812500004,cmucssa
4,10,3.1554636099999995,6.527233,6.527233,6.527233,2.5027403099999996,cmucssa
5,8,3.2688322124999996,5.512905,5.512905,5.512905,2.5797190875,cmucssa
6,9,2.6422742888888893,5.210801,5.210801,2.986579,1.9785900666666667,cmucssa
7,3,5.057794666666666,7.081013,7.081013,5.749663999999999,1.2246853333333334,cmucssa
9,4,5.03711075,4.488641,4.488641,4.488641,3.9149504999999998,cmucssa
10,4,4.458316,5.749864,5.749864,4.3297989999999995,2.2934164999999997,cmucssa
13,8,3.1839143125000002,5.82538,5.82538,2.8397215,2.1190187500000004,cmucssa
14,7,3.685340828571429,5.42058,5.42058,3.0664399,2.8092151428571426,cmucssa
15,21,3.1272643476190476,5.679813,5.679813,3.3605563333333333,2.6471848714285704,cmucssa
16,14,2.8736398357142856,4.276497,4.276497,3.0320320000000005,2.223918692857143,cmucssa
17,12,3.0056172083333337,5.355831,5.355831,5.355831,2.5592979583333335,cmucssa
18,12,3.4587250833333343,3.668677,3.668677,2.937876333333333,2.7242560000000005,cmucssa
19,5,3.74002464,7.164215,7.164215,4.0331686,2.1267572,cmucssa
20,4,3.5934989249999996,4.204697,4.204697,4.576421,1.305288425,cmucssa
22,8,4.1736233625,5.015528,5.015528,5.015528,3.5466823624999995,cmucssa
23,11,4.0036534545454545,4.637844,4.637844,4.637844,3.5820312727272725,cmucssa
26,11,4.226369363636364,4.562703,4.5878495,4.5878495,3.3922149090909097,cmucssa
27,14,2.8736398357142856,4.276497,4.276497,3.0320320000000005,2.223918692857143,cmucssa
28,12,2.6997264416666664,3.18896,3.18896,3.18896,2.433979775,cmucssa
29,11,3.315867809090909,4.874503,4.7648905,4.249652333333334,2.156871718181818,cmucssa
30,12,3.664319424999999,6.825455,6.825455,4.221952366666667,2.6088313333333333,cmucssa
32,10,3.852493599999999,4.502182,4.8301885,3.36330275,2.5071725000000002,cmucssa
33,7,3.950675571428571,4.170056,4.170056,2.8386235,2.328605,cmucssa
35,22,3.6047525999999994,5.679086,5.601335,5.601335,3.0955403272727278,cmucssa
36,6,4.359872166666666,5.297529,5.297529,5.4838845,2.5319106666666666,cmucssa
38,30,3.4198517833333337,3.238747,4.702353,4.3318432,2.697877916666667,cmucssa
39,10,3.4291091000000002,3.546927,3.546927,3.903558,2.6483975,cmucssa
41,19,2.829652052631579,5.291054,5.291054,5.291054,2.5511755263157894,cmucssa
44,20,3.9332047005,6.990497,5.672972,4.848008999999999,2.9636029004999997,cmucssa
45,16,3.4144632562499995,5.691077,5.691077,5.691077,3.0587709437499995,cmucssa
46,10,4.28103015,5.143289,5.143289,5.143289,3.7667012499999997,cmucssa
48,8,3.70708245,5.34306,5.34306,3.2297846666666667,2.4959132,cmucssa
49,11,3.5824677000000005,5.886802,5.886802,4.9387045,2.6845214272727276,cmucssa
51,17,3.9477961823529415,6.412414,5.658462500000001,5.5362219999999995,2.6451557117647058,cmucssa
52,7,4.050039428571428,5.395483,5.395483,4.186210999999999,0.46185857142857145,cmucssa
53,6,3.618625833333333,5.668503,5.668503,5.668503,2.673875333333333,cmucssa
54,22,3.9107333636363633,5.540986,5.540986,5.540986,3.658870363636363,cmucssa
56,6,3.7421100666666667,4.854201,4.854201,4.5739643333333335,1.4551279000000001,cmucssa
58,4,3.082687275,4.678273,4.678273,4.678273,1.913119025,cmucssa
59,2,5.780773,5.637844,5.637844,5.637844,2.961851,cmucssa
60,30,3.654756366666667,3.699992,4.4260142,3.8398098461538464,1.9908387666666665,cmucssa
61,28,4.299764639285714,4.929329,6.2241925,4.328558285714285,3.217625067857143,cmucssa
63,12,3.8155545083333338,3.699992,6.1019555,4.527545666666667,2.6836680916666666,cmucssa
64,17,3.8260046470588227,5.924223,5.924223,5.924223,3.4775209411764703,cmucssa
65,14,4.012003999999999,6.137547,6.137547,3.8274678,1.2780984285714285,cmucssa
66,5,4.3940076,6.338496,6.338496,5.451996,2.2132092,cmucssa
67,8,3.23190795,5.26434,5.26434,3.2451014999999996,2.420632575,cmucssa
69,16,4.0625714375,5.194147,5.5319970000000005,4.047725000000001,3.3036229999999995,cmucssa
71,10,2.8926050300000004,4.186791,4.186791,2.54739415,2.3831262000000004,cmucssa
72,22,3.546618790909092,4.495176,4.495176,4.6528685,3.1236307454545456,cmucssa
73,10,2.9461055000000003,4.495176,4.495176,4.170635000000001,1.2778515000000001,cmucssa
74,19,3.6091644789473687,6.800278,6.715033,4.1624905454545456,1.1993015315789477,cmucssa
75,13,3.5022209384615386,7.250482,7.250482,5.850554499999999,2.602135630769231,cmucssa
76,6,3.507557333333333,2.791026,2.791026,3.731817,1.0196793333333334,cmucssa
78,19,3.341112084210527,7.377945,7.377945,4.5875262,2.1338683473684212,cmucssa
81,5,4.714463,2.474347,2.474347,4.674058,0.9752166000000001,cmucssa
82,4,4.0008894999999995,2.1269,2.1269,3.6852840000000002,2.1582475,cmucssa
83,12,3.1969174583333344,4.005742,4.005742,4.005742,2.8631056249999998,cmucssa
84,6,3.6363937833333337,5.853029,5.853029,3.057549925,1.5980271666666666,cmucssa
85,24,3.737075941666667,6.42939,6.42939,3.0859936999999995,3.351326729166667,cmucssa
89,11,2.713227127272727,2.08277,2.08277,2.3066985,2.2938273999999996,cmucssa
90,17,3.8260046470588227,5.924223,5.924223,5.924223,3.4775209411764703,cmucssa
91,6,3.040595066666667,5.125787,5.125787,3.508375275,0.7016782166666666,cmucssa
92,2,5.047280000000001,5.637844,5.637844,5.637844,2.228358,cmucssa
93,10,4.0771709,5.390434,5.390434,5.028918,2.5684955,cmucssa
94,12,3.664319424999999,6.825455,6.825455,4.221952366666667,2.6088313333333333,cmucssa
97,21,2.9896512190476194,6.527233,5.576003500000001,4.261862300000001,2.177867923809524,cmucssa
99,12,3.8479141,4.866854,4.866854,5.268547,2.9698229333333335,cmucssa
101,11,2.908152909090909,5.391098,5.391098,5.391098,2.418053090909091,cmucssa
103,16,2.2647585625,4.671109,2.532598866666667,2.3147754000000003,1.6860647125,cmucssa
104,12,3.839954,4.90189,5.8744265,5.72626125,1.93120025,cmucssa
105,18,3.5265998499999993,4.876083,3.9046585,4.108398666666667,2.8418667388888887,cmucssa
106,18,3.712253733333333,5.475408,6.6066579999999995,6.222795666666666,2.675121122222222,cmucssa
107,21,3.6828012428571433,3.864295,3.864295,3.030822633333333,3.249826580952381,cmucssa
109,16,3.3829111875,6.160876,6.160876,4.670026,2.7991579375000004,cmucssa
110,15,3.668826733333333,6.825455,6.825455,3.967231866666667,2.081933986666667,cmucssa
114,26,3.265221269230769,6.521395,5.194510333333334,3.7372495285714287,2.259038703846154,cmucssa
117,8,2.927003875,2.961687,2.961687,2.911508,1.835188375,cmucssa
118,30,3.683836716666667,6.414781,6.402504,4.389675666666666,2.366934016666667,cmucssa
119,13,3.7530654615384615,6.517437,6.517437,5.83248,2.855760846153846,cmucssa
120,9,3.1727885777777782,6.275914,6.275914,6.275914,2.4754647999999997,cmucssa
121,5,2.70090548,5.480387,5.480387,3.2080826666666664,0.77605588,cmucssa
122,7,2.8578763728571426,6.215111,6.215111,2.8924312000000003,1.6182630014285715,cmucssa
123,32,3.590068109375,5.573737,5.073145333333334,3.9106669374999994,2.612401375,cmucssa
125,11,3.309686190909091,8.976678,8.976678,8.976678,2.493624554545455,cmucssa
128,10,3.6821448100000005,4.901804,4.6102865,3.6938899999999997,2.5739778099999997,cmucssa
130,9,3.951162255555556,6.446772,6.446772,5.99805,2.6182622555555555,cmucssa
132,17,3.647545929411765,5.012303,3.677024,4.458167666666667,2.0740749882352936,cmucssa
133,16,3.0308426187499995,5.301993,5.3750160000000005,2.4956827749999997,1.78300123125,cmucssa
134,10,3.7074928,5.55037,5.55037,5.55037,3.1524558,cmucssa
136,14,3.296626821428571,2.674542,4.115611,3.957113833333333,1.600720892857143,cmucssa
137,15,4.119878879999999,3.803918,3.803918,3.0678115,3.710837346666666,cmucssa
138,20,3.9332047005,6.990497,5.672972,4.848008999999999,2.9636029004999997,cmucssa
139,16,4.031356625,3.014365,4.246406,4.452030333333333,2.36184525,cmucssa
140,16,3.9222854625000005,5.249349,5.249349,4.9822489999999995,3.2995043375,cmucssa
141,12,3.426478,5.598381,5.598381,5.598381,2.95994625,cmucssa
143,15,3.532980333333334,2.768356,2.768356,3.512216333333333,2.8305370666666674,cmucssa
144,18,4.105969833333333,5.209788,5.209788,4.651721500000001,3.072253944444444,cmucssa
145,10,3.8902385599999993,4.39348,4.39348,4.39348,3.4508905600000004,cmucssa
147,3,3.755862,4.760427,4.760427,4.901697,0.488064,cmucssa
148,3,4.951484333333333,6.747982,6.747982,5.838837,1.0589263333333332,cmucssa
151,10,3.6768526900000005,3.011078,3.011078,3.4364506333333336,2.6459175,cmucssa
152,4,5.1980815,6.812887,6.812887,6.1811074999999995,2.10752775,cmucssa
153,7,2.8578763728571426,6.215111,6.215111,2.8924312000000003,1.6182630014285715,cmucssa
155,9,3.771841111111111,6.382928,5.3199425,4.388436,2.3090291111111108,cmucssa
156,4,4.843425,7.405363,7.405363,6.135826,1.775512,cmucssa
161,21,3.9554278571428574,7.036843,5.7823150000000005,5.129388285714286,2.245631761904762,cmucssa
162,8,3.2194990375000003,4.538711,4.538711,4.538711,2.6521601625,cmucssa
163,22,2.957505754545454,5.886802,5.886802,5.886802,2.6899238454545458,cmucssa
166,21,3.197996628571429,2.704796,2.704796,4.4867445,2.343378628571428,cmucssa
168,10,3.754798100000001,6.446772,6.446772,5.99805,2.5551880999999996,cmucssa
169,7,3.932839871428572,2.636784,2.636784,5.126373,1.7358228714285713,cmucssa
170,12,3.076715191666666,3.760217,3.760217,3.791492,2.4447998583333335,cmucssa
171,13,3.524006538461539,1.578519,1.578519,2.742976,2.8910120769230767,cmucssa
172,18,3.5682276944444435,4.481497,5.686098,5.2774988333333335,1.8090614166666665,cmucssa
173,10,3.85771589,5.297529,5.297529,4.039327966666667,2.6459175,cmucssa
175,10,2.96240261,6.141135,6.141135,6.141135,2.3482891099999996,cmucssa
176,8,3.2688322124999996,5.512905,5.512905,5.512905,2.5797190875,cmucssa
177,18,3.9063382833333344,3.264341,4.875634,4.74440525,2.852026005555556,cmucssa
179,9,2.8982837444444445,3.80455,3.80455,2.37852715,2.3697221555555554,cmucssa
180,22,3.7256564136363637,3.864295,3.864295,3.0864564333333333,3.304775990909091,cmucssa
181,18,2.874190555555556,5.291054,5.291054,5.291054,2.580243111111111,cmucssa
183,12,3.0056172083333337,5.355831,5.355831,5.355831,2.5592979583333335,cmucssa
184,21,4.2625711428571424,5.118445,5.118445,5.118445,4.018835666666667,cmucssa
186,28,2.9832733607142856,6.145897,4.317140333333334,2.474478261538462,1.8344084535714287,cmucssa
187,8,3.98632325,6.827687,6.827687,5.344183666666667,1.982254375,cmucssa
188,12,3.0056172083333337,5.355831,5.355831,5.355831,2.5592979583333335,cmucssa
189,13,3.7294708230769236,5.537184,5.537184,5.7231695,2.8489832076923083,cmucssa
191,6,4.302438366666667,5.495594,5.495594,6.135476499999999,2.2572795333333335,cmucssa
192,13,4.349928992307693,7.405363,7.405363,4.6783600000000005,3.270307453846154,cmucssa
194,14,3.834476,7.653296,7.653296,4.4094455,3.204555214285714,cmucssa
195,11,3.9196320181818183,6.926291,6.926291,4.990984999999999,2.5584542909090904,cmucssa
198,23,3.1026060913043474,4.638225,4.638225,4.638225,2.900944134782608,cmucssa
200,6,4.074184,4.958618,4.958618,5.172381,2.350057,cmucssa
201,15,3.8113562666666665,3.223251,5.470255,4.3209524,2.3710388,cmucssa
202,5,4.6473184,6.690396,6.690396,5.197572,1.5287752000000001,cmucssa
203,16,3.15224014375,3.227555,3.227555,3.227555,2.9505179562499997,cmucssa
204,25,2.5950262840000007,3.119623,3.119623,3.6676183333333334,2.154912084,cmucssa
206,10,3.53299918,6.527233,6.242555666666665,3.983252225,0.3463974,cmucssa
207,10,3.3247729,5.415995,5.415995,5.415995,2.7831734,cmucssa
208,11,4.080569672727273,6.695312,6.695312,6.695312,3.471904945454545,cmucssa
210,5,2.80679226,3.934701,3.934701,2.1357751,1.5253272,cmucssa
211,11,3.393209909090909,6.100998,4.830315499999999,3.675166333333333,2.3908918181818177,cmucssa
212,5,4.116486200000001,4.405628,4.405628,3.728564,2.6250606000000003,cmucssa
213,26,3.602249692307692,7.35421,7.260847,4.4978443666666665,2.045303565384615,cmucssa
214,5,4.5291666,4.992622,4.992622,3.9742375,2.9394716,cmucssa
215,21,3.7534206190476196,4.919989,4.919989,4.356256666666667,1.8864534761904768,cmucssa
216,11,3.7502974636363633,5.415995,5.415995,4.8452895,2.8693357363636363,cmucssa
217,16,3.3558448374999994,4.004318,4.004318,4.004318,3.1055749624999995,cmucssa
218,11,2.886996936363636,5.359092,5.359092,5.359092,2.3998067545454544,cmucssa
219,14,4.688346785714286,4.337596,4.337596,4.609285666666667,3.7006427142857143,cmucssa
220,23,3.451528573913042,5.414762,5.9367605,4.538088500000001,2.6622957913043477,cmucssa
222,9,4.095553188888889,4.358755,4.358755,3.817560233333334,2.8230331111111115,cmucssa
223,8,4.774872125,7.767039,7.767039,5.462686333333333,2.72636475,cmucssa
225,6,4.1941125,6.89819,6.89819,6.89819,3.0444141666666664,cmucssa
227,9,3.7565258666666668,6.780682,6.780682,4.271866,2.332570533333333,cmucssa
228,6,3.0251148516666664,6.147059,6.147059,3.49720365,1.8593803016666666,cmucssa
229,8,4.2005494125,5.424733,5.424733,5.051692333333333,2.3061647874999998,cmucssa
230,13,3.347750692307692,7.735134,7.735134,7.735134,2.752740384615384,cmucssa
231,30,3.37529176,5.512905,5.512905,5.512905,3.1915282599999992,cmucssa
232,12,3.1969174583333344,4.005742,4.005742,4.005742,2.8631056249999998,cmucssa
233,21,3.578375023809524,5.272995,5.272995,3.9958586666666664,3.007538071428571,cmucssa
234,17,3.030930123529412,3.291835,3.291835,3.3443106,2.4407576647058824,cmucssa
236,17,3.169085923529412,5.556919,5.556919,4.278074,2.6657831,cmucssa
237,10,3.1535987899999998,5.899913,4.9501615,3.74401446,1.2815915599999999,cmucssa
238,21,3.400362142857143,2.874258,3.199958,2.5882613333333335,3.0306105238095236,cmucssa
239,14,3.2483915642857144,4.937533,3.2008235000000003,3.625346066666667,1.6946718214285714,cmucssa
240,6,4.427386333333334,7.674901,7.674901,5.279590000000001,0.9076596666666666,cmucssa
241,7,5.175086,7.767039,7.767039,5.3026245,2.1450148571428573,cmucssa
242,22,2.957505754545454,5.886802,5.886802,5.886802,2.6899238454545458,cmucssa
244,11,2.9144197727272725,3.065036,3.065036,3.065036,2.6357801363636364,cmucssa
247,10,3.9187194999999995,5.578571,5.578571,5.578571,3.3608624,cmucssa
248,14,3.5552917785714278,3.606416,3.6696725,2.30532005,2.896628907142857,cmucssa
249,13,3.5491117230769236,4.876083,4.876083,4.876083,3.174028415384616,cmucssa
250,8,3.2645162375,5.688997,5.688997,4.945128333333334,1.4100931125,cmucssa
251,13,3.5491117230769236,4.876083,4.876083,4.876083,3.174028415384616,cmucssa
254,16,3.7513128499999993,4.911917,4.911917,4.2083699999999995,2.9622434749999997,cmucssa
255,10,4.550758999999999,3.014365,4.706983,4.547472444444444,0.45803380000000005,cmucssa
256,5,3.396908,4.436532,4.436532,4.494161999999999,1.5992432,cmucssa
258,15,3.27688036,6.258925,5.740346,3.618054933333333,1.1060474,cmucssa
259,5,4.1756614,4.404717,4.404717,4.021969666666666,1.7624796,cmucssa
260,17,3.3457532470588234,7.151992,7.151992,6.040842,2.6350659529411766,cmucssa
261,9,3.9190804888888895,5.336814,4.888859,5.0291855000000005,1.6838869333333335,cmucssa
263,12,3.1969174583333344,4.005742,4.005742,4.005742,2.8631056249999998,cmucssa
264,9,4.81022788888889,7.39522,7.39522,4.524533333333333,3.3020501111111114,cmucssa
265,4,3.146284,6.380635,6.380635,3.67738855,1.307589725,cmucssa
266,7,2.7283002571428567,2.530956,2.530956,2.92901675,1.0545764,cmucssa
267,24,2.8946882916666676,4.281219,4.281219,3.3701685,2.6138409166666667,cmucssa
270,8,3.3339858,5.305063,5.305063,3.1033212,2.5581555000000002,cmucssa
272,15,3.4015150800000002,5.415995,5.415995,4.8964775,2.748651413333333,cmucssa
273,6,4.159521833333333,6.768113,6.768113,6.768113,3.0315029999999994,cmucssa
274,16,3.6912541374999996,3.802955,3.802955,1.9567898,3.079757325,cmucssa
276,8,3.370410125,3.224112,3.224112,2.327134,2.788626625,cmucssa
277,5,3.09650852,3.810331,3.810331,3.2462883333333337,1.14873552,cmucssa
278,19,3.444571968421053,4.450145,4.450145,4.699505,2.9498872315789475,cmucssa
279,13,3.4556875769230766,5.326414,5.326414,4.896143666666667,2.3258082692307696,cmucssa
280,19,3.2576221210526315,5.496131,5.496131,5.496131,2.9683520684210527,cmucssa
281,12,2.6026596083333335,4.263064,4.263064,2.350822,2.0149541083333333,cmucssa
282,7,3.175105128571429,6.180649,6.180649,3.807765,0.4552729857142857,cmucssa
283,22,2.9643342181818184,6.773949,6.773949,4.350927333333333,2.3710259454545453,cmucssa
284,21,4.021806947619047,5.553929,5.678964,4.860691909090909,1.4757302333333333,cmucssa
285,33,3.524788821212121,5.804271,6.18975,4.250076999999999,2.2368867000000003,cmucssa
286,17,3.320994382352941,6.288294,5.7994734999999995,2.99218832,2.440938994117647,cmucssa
287,17,3.7645931588235295,4.488641,4.563433,3.389662,3.166417511764706,cmucssa
290,17,3.2444938823529417,3.960935,3.960935,3.555774142857143,1.7803515882352938,cmucssa
291,17,3.952789488235294,4.131502,4.131502,3.95322825,3.022618135294118,cmucssa
292,11,3.5770792272727276,7.037779,7.037779,6.058745,2.4754892272727274,cmucssa
294,34,3.387942867647058,5.783296,5.535958,4.750364,2.9687931029411754,cmucssa
295,15,3.9345505533333336,6.29251,5.156949,3.804766666666667,3.1735972199999996,cmucssa
296,11,4.519148990909091,8.456452,8.456452,8.456452,3.7503806272727274,cmucssa
298,6,3.8023023833333327,8.349092,8.349092,8.349092,2.41078705,cmucssa
301,24,4.059888041666667,7.042348,6.8511275,4.676457666666667,2.890773625,cmucssa
302,8,3.5932788749999998,4.488641,4.6181944999999995,4.3063632,0.9018018750000001,cmucssa
303,18,3.4645193388888886,4.638225,4.638225,2.5908809,3.1766436833333334,cmucssa
306,11,3.830791454545454,7.069843,7.069843,7.069843,3.1880784545454546,cmucssa
308,14,3.110599792857143,6.100204,6.100204,4.9649849999999995,2.4013162214285715,cmucssa
309,7,3.8695577142857145,6.2687,6.2687,3.191860333333333,2.5016175714285716,cmucssa
311,28,2.8399285607142857,5.178407,4.8217110000000005,4.8217110000000005,2.495520632142857,cmucssa
312,7,4.657345571428571,3.274441,3.274441,4.232968,2.238506714285714,cmucssa
313,11,3.464778827272727,7.021648,7.021648,4.169953333333333,2.3275188272727276,cmucssa
314,14,4.041420642857143,5.961693,5.961693,5.961693,3.6155854285714284,cmucssa
315,5,3.814287,3.803304,3.803304,4.446103,2.0358457999999997,cmucssa
316,8,3.8400942249999996,3.772462,2.8169225,3.5230940000000004,2.5189339749999995,cmucssa
318,20,2.6355267699999994,3.418881,4.033011999999999,2.137098357142857,1.887542345,cmucssa
319,12,3.3751750333333335,6.020651,6.020651,6.020651,2.8734541166666667,cmucssa
320,14,3.4665267428571425,5.512905,5.512905,5.512905,3.0727478142857145,cmucssa
321,6,4.676515833333333,6.527233,6.527233,5.489407,2.8467135,cmucssa
322,10,3.1372437500000006,2.986791,2.986791,1.996363,2.7379711500000004,cmucssa
324,13,2.820275138461538,4.996511,4.996511,4.996511,2.4359281384615383,cmucssa
325,28,3.12561155,4.659988,4.659988,4.659988,2.959183407142857,cmucssa
326,15,3.1003736533333335,5.15765,5.15765,5.15765,2.75653032,cmucssa
330,7,4.846361571428572,6.265564,6.265564,5.448741500000001,1.732795,cmucssa
331,5,4.7688966,3.866277,3.866277,5.979397666666666,1.1812580000000001,cmucssa
333,6,3.541140333333333,5.512905,6.183258,6.183258,1.4800543333333334,cmucssa
334,13,3.236829077692308,6.73218,6.73218,4.2731303333333335,2.2507220776923083,cmucssa
335,4,2.6972576,3.133021,3.133021,1.8706391333333332,1.29427825,cmucssa
336,9,2.6362811777777773,5.075267,5.075267,5.075267,2.0723626222222222,cmucssa
337,15,2.625260826666667,4.221861,4.221861,3.8603359999999998,2.11054936,cmucssa
338,10,4.2075364,6.767467,6.767467,4.326522333333333,2.9095796999999997,cmucssa
341,8,2.6693254874999996,3.845299,3.845299,3.4526156666666665,1.3745946125000001,cmucssa
342,8,3.590489375,5.280836,5.280836,4.5374655,2.456123,cmucssa
344,9,4.173215799999999,6.896275,6.896275,4.327828666666666,2.7306062444444446,cmucssa
345,7,3.5673561428571428,4.683982,4.683982,2.917268,2.733851,cmucssa
346,19,3.699544563157895,5.70031,5.4555875,4.010133175,2.855306,cmucssa
348,13,3.766094338461538,6.224573,6.224573,4.233659,2.789096107692308,cmucssa
349,9,2.6362811777777773,5.075267,5.075267,5.075267,2.0723626222222222,cmucssa
352,20,4.089599799999999,2.768356,2.4973245,4.4220382,2.9840902499999995,cmucssa
353,23,2.4878753086956524,4.028136,4.028136,4.028136,2.312738960869565,cmucssa
354,9,4.145247666666666,4.422511,4.422511,4.09107225,2.3269933333333332,cmucssa
356,10,3.1554636099999995,6.527233,6.527233,6.527233,2.5027403099999996,cmucssa
357,8,3.2688322124999996,5.512905,5.512905,5.512905,2.5797190875,cmucssa
358,9,2.6422742888888893,5.210801,5.210801,2.986579,1.9785900666666667,cmucssa
362,6,4.302438366666667,5.495594,5.495594,6.135476499999999,2.2572795333333335,cmucssa
363,4,4.8440335,7.793564,7.793564,7.793564,2.8956425,cmucssa
364,6,4.159452833333333,5.199507,5.199507,4.40517,2.691062833333333,cmucssa
365,12,3.977899274999999,7.586109,7.586109,4.231375333333333,2.920055441666667,cmucssa
366,13,3.7441162384615385,6.088486,6.088486,3.8461556199999998,2.2648256153846154,cmucssa
367,11,2.999273672727273,5.607612,5.607612,3.2891369,2.401248781818182,cmucssa
370,12,3.536778083333333,6.460328,5.5492764999999995,5.5492764999999995,2.6118986666666664,cmucssa
371,5,2.4677217000000002,5.155732,5.155732,3.8193275,0.9399907000000001,cmucssa
372,10,3.5551381999999996,5.174943,5.174943,5.174943,3.0376439,cmucssa
376,6,3.946983,3.431472,3.431472,4.558985,0.9076596666666666,cmucssa
380,16,3.2658893437499996,4.638225,4.638225,2.5908809,2.9420292312500003,cmucssa
381,13,2.4849428461538463,5.081351,5.081351,3.248138,1.9852293076923078,cmucssa
382,8,3.3913664375000003,4.088296,3.8179334999999996,3.248506125,1.767113375,cmucssa
384,12,4.404186083333333,6.43995,6.43995,4.476724571428571,1.7927634166666664,cmucssa
385,18,3.3404777166666673,5.326414,5.859436,5.859436,2.36390505,cmucssa
386,8,2.9387855375000003,3.590099,3.590099,4.445511333333333,1.2717187875,cmucssa
387,7,3.7060524142857143,7.839056,7.839056,5.999538,1.9918987000000001,cmucssa
390,19,3.212593721052632,4.266159,4.266159,4.172873,2.773343931578948,cmucssa
392,26,3.038757038461538,4.488641,4.488641,4.488641,2.8661169999999996,cmucssa
394,10,3.60173375,6.768603,6.768603,4.349145333333333,2.29699015,cmucssa
395,9,3.927402888888889,7.377945,7.377945,7.377945,3.1076312222222224,cmucssa
397,13,2.820275138461538,4.996511,4.996511,4.996511,2.4359281384615383,cmucssa
400,12,3.8555615,6.358877,6.358877,6.358877,3.325655083333333,cmucssa
403,6,3.940667,4.917965,4.917965,4.2776119999999995,2.5147963333333334,cmucssa
405,22,3.3011903136363627,5.914914,5.914914,3.4970475,2.983276904545455,cmucssa
406,17,2.652982911764706,4.671109,3.9132371999999997,3.6247348199999996,1.5868844352941176,cmucssa
409,13,3.9765196923076918,6.088486,6.088486,3.7009009999999996,2.8377809230769233,cmucssa
410,25,2.8893148280000003,5.5814,5.5814,5.5814,2.6660588279999997,cmucssa
411,8,3.1325272374999997,6.527233,6.527233,6.527233,2.3166231124999994,cmucssa
412,8,3.434290875,4.876083,4.663114,4.229324,1.3196288749999998,cmucssa
415,35,2.7099227,4.259009,4.259009,4.259009,2.5882367285714287,cmucssa
416,12,3.292214583333333,4.940124,4.940124,4.940124,2.8805375833333335,cmucssa
417,6,4.113251966666667,7.564055,7.564055,4.107795266666666,2.0593543333333333,cmucssa
419,9,3.5932224444444447,5.080124,5.080124,5.188773,1.8636314444444446,cmucssa
420,26,3.445405084615385,3.510288,5.2050675,4.371392800000001,2.6047526230769233,cmucssa
421,21,3.2676867,4.181838,4.181838,3.632595,2.748744557142857,cmucssa
423,6,3.5715777166666665,4.084231,4.084231,3.708084533333333,1.71753545,cmucssa
425,3,4.665784,7.403087,7.403087,4.8397115,1.4393096666666667,cmucssa
426,10,2.96240261,6.141135,6.141135,6.141135,2.3482891099999996,cmucssa
427,8,3.2688322124999996,5.512905,5.512905,5.512905,2.5797190875,cmucssa
429,25,2.5950262840000007,3.119623,3.119623,3.6676183333333334,2.154912084,cmucssa
430,18,3.4202405000000002,5.313333,5.313333,4.159469,2.264832444444445,cmucssa
432,13,3.605788230769231,5.512905,4.6330825,4.200633333333333,2.636411307692308,cmucssa
433,20,3.8483581699999996,7.54338,7.54338,7.54338,3.47118917,cmucssa
434,22,3.586202118181818,5.761738,5.761738,4.470457,3.179796936363637,cmucssa
437,6,3.836995266666667,5.144928,5.144928,5.144928,2.979507266666667,cmucssa
439,20,3.4408636550000002,4.482365,4.0200965,3.7578965,2.6892843550000003,cmucssa
440,23,3.4311019000000003,5.77,5.77,5.77,3.1802323347826085,cmucssa
441,9,3.768464966666666,3.404197,3.404197,2.3278665666666667,2.9925094444444444,cmucssa
442,14,2.833432978571429,7.267911,7.267911,6.1866579999999995,1.9496246928571428,cmucssa
443,14,3.119951328571428,2.328403,2.328403,2.8245092666666665,1.9094473571428572,cmucssa
444,17,3.6019624235294114,5.538621,5.538621,5.538621,3.2761611882352937,cmucssa
446,10,3.6743400999999998,3.864064,3.864064,3.864064,3.2879337,cmucssa
447,22,3.236838677272728,7.306283,7.306283,7.306283,2.904734904545454,cmucssa
448,18,3.5477502222222217,3.857881,3.813698,4.012649,2.210200555555556,cmucssa
449,15,2.9197287799999994,4.769996,4.769996,4.769996,2.6017290466666663,cmucssa
455,24,3.4959852875000004,6.890976,6.890976,6.890976,3.2088612875,cmucssa
456,6,4.320868333333333,7.301135,7.301135,7.301135,3.1040124999999996,cmucssa
457,5,4.19442974,4.488641,4.488641,4.488641,3.29670154,cmucssa
459,17,3.0921881294117646,7.215129,7.215129,7.215129,2.6677687764705884,cmucssa
460,21,3.2860140666666666,6.700087,6.700087,4.346649,2.8720474952380948,cmucssa
461,7,3.3536317142857146,5.888831,5.888831,3.484006,2.358201428571429,cmucssa
463,17,3.4056812705882358,5.787484,5.787484,3.5097205000000002,2.9927729764705884,cmucssa
464,9,4.130825944444444,6.178854,6.178854,6.178854,3.444286611111111,cmucssa
467,17,3.463619429411765,6.387628,6.387628,6.387628,3.087876605882353,cmucssa
468,4,3.87552375,5.649648,5.649648,5.649648,2.46311175,cmucssa
470,8,3.5676417499999995,6.094264,6.094264,3.5643895,2.6765443749999998,cmucssa
471,4,3.0850217499999997,5.10938,5.10938,5.10938,1.80767675,cmucssa
472,14,3.3807660285714287,4.956506,4.956506,3.37512925,2.4164433857142855,cmucssa
475,21,2.972429695238095,5.804013,5.2143935,4.171449300000001,2.177867923809524,cmucssa
476,4,3.0850217499999997,5.10938,5.10938,5.10938,1.80767675,cmucssa
477,8,2.926999025,5.637234,5.637234,3.6038330000000003,2.0260407750000002,cmucssa
480,17,3.4012541764705886,5.787484,5.787484,3.5097205000000002,2.9883458823529416,cmucssa
481,31,3.204740161290323,6.780391,4.747281,4.228385333333333,2.386343,cmucssa
482,12,3.971078833333334,7.006614,7.006614,6.277971,2.9247503333333333,cmucssa
485,22,3.341967654545455,4.091555,4.091555,4.091555,3.1559878818181826,cmucssa
488,27,3.805654751851852,3.420506,3.420506,4.2219095,3.4929207148148147,cmucssa
490,19,3.442780347368421,7.377945,7.377945,4.973865600000001,2.1338683473684212,cmucssa
493,12,4.013894249999999,3.343758,3.343758,3.343758,3.735247749999999,cmucssa
494,15,3.6283357333333326,3.343758,5.226419,3.72975575,2.6337342,cmucssa
496,5,4.278013,2.62365,2.62365,3.9158519999999997,1.9285018,cmucssa
498,9,3.373057888888889,7.078728,7.078728,4.452520333333333,1.8888844444444446,cmucssa
499,26,3.690908330769232,6.279124,4.866535000000001,4.47287075,3.00277436923077,cmucssa
500,14,3.3187639285714283,5.423412,5.423412,4.517054,2.6734705,cmucssa
501,10,3.68409505,4.161664,5.5882735,5.0960962499999996,1.64565655,cmucssa
504,19,4.091729968421053,5.252316,5.252316,6.443134000000001,3.0743930210526313,cmucssa
506,21,3.459992128571429,6.978872,6.978872,6.4420684999999995,2.8464617952380955,cmucssa
508,5,4.8477368,6.464419,6.464419,6.0068735,2.4449873999999996,cmucssa
509,16,3.5526569374999997,3.946664,3.946664,3.792531111111111,1.4193581875,cmucssa
511,22,3.236838677272728,7.306283,7.306283,7.306283,2.904734904545454,cmucssa
512,11,3.331075227272727,5.99289,5.99289,3.7239185,2.653999136363636,cmucssa
513,8,4.2734023625,8.103563,8.103563,4.326241816666667,1.028721,cmucssa
515,28,3.2520289642857145,5.495746,5.495746,5.237379,2.8779304642857144,cmucssa
516,10,3.2289152700000003,4.587765,4.587765,2.414583,2.5045403700000004,cmucssa
517,9,3.6185972111111107,5.976814,4.6021845,3.291862,2.521309877777778,cmucssa
518,21,3.5787399380952385,7.055059,6.815144,4.40691025,1.8999169857142857,cmucssa
519,6,4.965814166666667,6.115328,6.115328,6.115328,3.9465928333333338,cmucssa
520,6,3.8727831666666668,3.914751,3.914751,3.9443675000000002,2.5579940000000003,cmucssa
523,15,3.0179755400000006,4.228421,4.228421,4.228421,2.7360808066666666,cmucssa
524,9,4.027491322222223,6.25781,6.411788,6.1243013333333325,1.9860575444444446,cmucssa
526,19,3.5480202578947364,5.57337,5.57337,5.055837,2.749730205263158,cmucssa
528,5,3.7340354000000007,3.563777,3.563777,3.773581333333333,1.4698866000000002,cmucssa
530,9,3.699936,5.254815,5.254815,4.9950529999999995,2.034918333333333,cmucssa
531,8,3.5257931625,4.724356,4.724356,4.3721835,2.4327472875000002,cmucssa
532,8,3.9302259999999998,3.626885,3.626885,5.002766,2.0541887500000002,cmucssa
533,11,3.4004912818181823,6.527233,6.527233,5.489407,2.402417281818182,cmucssa
536,21,3.045183128571429,6.231567,6.231567,6.231567,2.7484418428571433,cmucssa
538,10,4.1874241,4.802082,4.802082,2.97039,3.5933461,cmucssa
539,4,4.70540325,5.313333,5.313333,4.70540325,0.0,cmucssa
540,7,3.411411571428571,5.033697,5.033697,3.172207,2.505066714285714,cmucssa
541,12,2.7808041666666665,4.641076,4.641076,4.641076,2.394047833333333,cmucssa
542,26,3.037545884615384,4.641076,4.641076,4.641076,2.8590429615384614,cmucssa
544,3,4.613005933333333,7.100443,7.100443,3.9311019000000003,1.9922713333333333,cmucssa
545,6,3.992781166666667,8.5863,8.5863,5.946833,2.0105035,cmucssa
546,16,3.5492861125,4.139124,4.139124,2.52356065,3.23384103125,cmucssa
547,23,2.9866002,3.991443,3.991443,3.991443,2.8130591999999996,cmucssa
548,13,3.6229710769230774,3.622745,4.040414999999999,4.582234,1.5080938461538465,cmucssa
549,15,4.164026326666666,3.830845,3.830845,3.830845,3.908636659999999,cmucssa
551,24,2.5787020416666664,5.512905,5.512905,5.512905,2.3489976666666665,cmucssa
553,5,4.7562446,5.976814,5.976814,5.976814,3.5608817999999998,cmucssa
554,7,3.1651844000000002,1.861383,1.861383,1.2072844,2.8202460000000005,cmucssa
555,15,3.991472466666667,5.455238,5.455238,6.5441199999999995,3.118923133333334,cmucssa
557,5,4.017910800000001,6.557508,6.557508,3.4084296666666667,1.972853,cmucssa
558,18,2.8304447005555553,5.134519,5.134519,4.954954333333333,2.004618978333333,cmucssa
559,17,3.6405731941176467,6.261847,5.290308,3.343506325,2.853865823529412,cmucssa
561,4,3.855828,3.559633,3.559633,2.607481,2.5520875,cmucssa
562,22,3.6770086818181813,7.247145,7.247145,5.182956,3.2058308636363635,cmucssa
563,9,3.5300505111111113,5.110065,5.138191,3.7151004333333333,2.2916837,cmucssa
565,24,2.9868421749999996,3.274441,3.274441,3.7340289999999996,2.6756730916666664,cmucssa
569,13,3.561794684615384,5.927095,5.927095,4.5531355,2.8613123,cmucssa
571,10,3.966496699999999,9.109425,9.109425,4.73477,2.5460657,cmucssa
573,6,3.4780018333333333,6.374888,6.374888,4.777032,1.8856578333333331,cmucssa
574,12,3.3756772499999994,4.206861,4.206861,3.44874,2.8008872500000006,cmucssa
575,7,2.1919825428571427,4.601481,4.601481,2.8542495,1.3764826857142858,cmucssa
576,17,2.5891854588235295,3.587335,4.7229745,4.771058666666666,1.7472339294117645,cmucssa
577,18,2.8304447005555553,5.134519,5.134519,4.954954333333333,2.004618978333333,cmucssa
578,9,3.0230721777777783,3.622745,3.622745,4.363868,2.0533237333333334,cmucssa
579,20,3.6819479349999993,7.055059,6.697508,5.4384784,2.322328335,cmucssa
580,6,4.965814166666667,6.115328,6.115328,6.115328,3.9465928333333338,cmucssa
581,6,2.892359583333333,3.652972,3.652972,3.652972,2.283530916666667,cmucssa
582,19,3.065729563157895,4.596109,5.585669,4.4311356,1.8996412473684212,cmucssa
583,8,3.6027700374999996,5.659501,5.659501,5.084547333333333,1.6960647875000001,cmucssa
584,2,5.1150855,5.976814,5.976814,5.976814,2.1266785,cmucssa
586,18,2.9848795,5.14314,4.0014235,4.0014235,2.5402768888888883,cmucssa
587,16,3.5313519749999998,5.589082,5.589082,5.589082,3.1820343499999995,cmucssa
588,9,3.1437291444444444,4.488499,4.488499,4.488499,2.6450070333333335,cmucssa
589,26,3.379932757692307,6.71441,6.71441,6.71441,3.121686219230769,cmucssa
590,18,2.8304447005555553,5.134519,5.134519,4.954954333333333,2.004618978333333,cmucssa
592,20,5.006788785,4.209426,4.209426,5.492609333333333,4.182897385,cmucssa
593,6,4.302438366666667,5.495594,5.495594,6.135476499999999,2.2572795333333335,cmucssa
594,8,3.2688322124999996,5.512905,5.512905,5.512905,2.5797190875,cmucssa
595,34,3.133834073529411,8.997354,8.997354,8.997354,2.8692060147058815,cmucssa
596,14,3.4351467642857143,5.022952,5.022952,3.786746,2.8941830499999996,cmucssa
599,15,3.5653562006666664,6.414781,6.414781,4.296727,2.7060108006666663,cmucssa
600,23,3.2746627652173914,7.257512,6.119444,4.531974000000001,2.6835357217391302,cmucssa
601,25,2.983869236,3.559633,3.559633,2.4622504999999997,2.786889196,cmucssa
604,15,3.342336000000001,3.604453,3.604453,2.203868,3.0484869333333333,cmucssa
606,18,3.437044583333334,4.496676,4.496676,2.5008171,3.159176016666667,cmucssa
608,16,2.61677688125,5.665248,3.416017,2.4858583666666667,2.1506784375,cmucssa
609,29,3.434799055172414,5.10751,5.8113505,4.400826333333333,2.5242832620689657,cmucssa
610,7,3.5148782857142855,4.512905,4.512905,3.0007875,2.6575104285714284,cmucssa
611,13,3.393999269230769,4.496676,4.496676,2.5008171,3.0092581769230766,cmucssa
612,16,3.2909753875,4.495176,4.5667005,4.565382,2.1496298874999997,cmucssa
613,16,3.310588875,5.050814,5.050814,2.2899471666666664,2.88122378125,cmucssa
614,12,3.426175933333333,5.512905,5.512905,5.512905,2.9667671833333333,cmucssa
615,23,3.860998626086956,6.50072,6.50072,6.50072,3.578358626086956,cmucssa
616,3,3.3267593333333334,6.229505,6.229505,3.6322915,0.9052316666666668,cmucssa
618,5,4.46647174,5.512905,5.512905,4.8095285,2.5426603400000003,cmucssa
620,13,2.5732470538461536,3.71993,3.71993,4.4367385,1.8906718999999998,cmucssa
621,7,3.5361880428571433,3.774764,3.774764,4.0176335,2.388292757142857,cmucssa
623,6,4.381878833333334,5.313333,5.313333,5.313333,3.496323333333333,cmucssa
624,13,3.8972552538461542,5.716825,5.716825,4.148732787499999,1.344188923076923,cmucssa
625,10,4.0502679299999995,5.886802,5.886802,3.852387716666667,1.7388353000000003,cmucssa
626,18,4.047432049999999,5.678431,5.678431,4.381404666666667,3.3171979388888895,cmucssa
629,11,3.7232904818181822,5.705824,5.705824,3.30945515,3.1215713636363644,cmucssa
631,6,3.794271833333333,2.772477,5.1255035,3.9633740000000004,0.4914601666666667,cmucssa
632,17,3.4631684252941177,3.423826,3.423826,3.549587333333333,2.2103728958823528,cmucssa
633,20,3.4632312549999993,5.318523,5.318523,5.318523,3.1973051049999994,cmucssa
634,21,3.2273259523809523,4.637844,5.2624975,3.756968,2.6906162380952376,cmucssa
635,16,3.310588875,5.050814,5.050814,2.2899471666666664,2.88122378125,cmucssa
636,7,4.1425971142857145,6.702332,6.702332,6.1258300000000006,2.3923599714285717,cmucssa
637,12,2.90876755,5.050814,5.050814,5.050814,2.487866383333333,cmucssa
638,9,3.2816303111111105,1.861383,1.861383,2.0647045,2.8228070888888883,cmucssa
641,15,3.7420861666666663,5.063249,5.063249,4.570582000000001,1.9138533666666666,cmucssa
642,10,3.5661838800000005,6.831167,6.831167,4.470847999999999,2.2249294799999997,cmucssa
643,5,3.53801774,3.23301,3.23301,3.905227,1.9759269400000001,cmucssa
644,8,2.9559888875,4.638225,4.638225,4.638225,2.3762107625,cmucssa
646,24,3.2411647541666664,3.096416,3.477819,2.916181,2.5121195041666664,cmucssa
649,10,4.099885519999999,7.63964,7.63964,5.9978165,2.90032222,cmucssa
650,12,4.258822533333333,6.515191,6.515191,6.515191,3.7158899499999998,cmucssa
653,13,3.2444686538461536,4.811299,4.811299,4.811299,2.874368730769231,cmucssa
654,20,3.0878043800000006,5.512905,5.512905,5.512905,2.8121591300000004,cmucssa
656,5,3.65217742,4.161059,4.161059,4.161059,2.81996562,cmucssa
657,17,3.606699464705882,6.185962,6.185962,5.8872095,2.9140865823529407,cmucssa
658,6,4.1941125,6.89819,6.89819,6.89819,3.0444141666666664,cmucssa
659,23,2.9335516130434787,7.069631,7.069631,6.6961414999999995,2.351278439130435,cmucssa
660,7,4.1425971142857145,6.702332,6.702332,6.1258300000000006,2.3923599714285717,cmucssa
662,17,3.6305250058823533,4.383199,4.383199,4.4381065,3.1083948294117647,cmucssa
663,17,3.3506547235294124,4.497956,4.497956,4.497956,3.0860690764705887,cmucssa
664,10,2.6540143899999995,6.802841,6.802841,3.7037392,1.9132665499999995,cmucssa
665,8,3.4900655,6.418449,6.418449,6.418449,2.687759375,cmucssa
666,10,3.7092393,6.876736,6.876736,5.9910705,2.5110252,cmucssa
670,5,3.6910269999999996,4.932631,5.070845,4.449885666666667,1.0210956,cmucssa
672,14,3.6520226785714276,6.768113,6.768113,4.463643333333333,2.6955276785714277,cmucssa
673,12,3.5628941666666667,3.310599,4.2663885,4.2663885,2.8518294166666665,cmucssa
674,5,4.5140976,8.205588,8.205588,8.205588,2.87298,cmucssa
677,14,2.728039185714286,3.349567,3.349567,2.19625,2.414289185714286,cmucssa
678,8,3.650208125,5.363602,5.363602,5.031315333333333,1.763464875,cmucssa
680,16,2.9272921687499998,5.14314,5.114503,4.249599333333333,2.1304922937499997,cmucssa
681,7,3.5901337142857135,4.421189,4.421189,4.421189,2.958535285714285,cmucssa
683,8,3.154777375,4.484969,4.484969,2.767227,2.462970625,cmucssa
684,13,3.080474246153846,6.471485,6.471485,3.33045448,1.799530215384615,cmucssa
685,10,3.3756176000000004,4.302052,4.302052,4.153897,2.5448382,cmucssa
686,5,4.259055399999999,3.81869,3.81869,4.510976333333333,1.5524696,cmucssa
687,23,3.967739739130435,5.550694,5.4889915,5.549407666666667,3.243903956521739,cmucssa
688,6,2.8888318833333333,4.601481,4.601481,2.8542495,1.9374153833333334,cmucssa
689,46,3.2785089086956516,3.179453,3.179453,2.387746,3.174693865217391,cmucssa
690,12,3.6349626250000004,5.804013,6.666672500000001,5.130751500000001,1.924712125,cmucssa
691,12,4.062668749999999,6.399192,6.019691,4.82038125,2.4558750000000003,cmucssa
692,10,3.7493478000000002,6.088486,6.088486,6.088486,3.1404992,cmucssa
693,22,3.047486295454546,3.977373,3.977373,2.637403,2.807722386363636,cmucssa
694,11,3.7425473636363638,4.843898,4.843898,4.55968,2.9135146363636366,cmucssa
695,11,3.358428336363637,5.148231,6.2920739999999995,3.534941175,2.0729951818181815,cmucssa
698,17,2.511286347058824,5.158843,5.158843,2.8732526,2.1732566294117643,cmucssa
699,14,3.1477826928571426,3.559633,3.559633,2.4622504999999997,2.7960326214285716,cmucssa
700,16,3.6114343874999992,5.385402,5.385402,5.385402,3.2748467625,cmucssa
701,22,3.177631104545455,4.811179,4.811179,4.811179,2.9589411500000007,cmucssa
702,20,3.4005470599999996,6.446772,6.721558000000001,6.66250125,2.0680468100000002,cmucssa
703,5,4.480776140000001,5.415995,5.415995,4.8452895,2.5426603400000003,cmucssa
704,9,4.0209087777777786,6.990497,6.990497,4.406346,1.572938777777778,cmucssa
705,7,4.911187285714285,5.589065,5.589065,5.5534485,3.324487714285714,cmucssa
706,5,4.8872162,6.801254,6.801254,4.949306,1.9176326,cmucssa
707,3,4.740030333333333,2.824269,2.824269,4.453379,1.771111,cmucssa
709,13,3.1083749307692305,7.004026,7.004026,5.9668589999999995,2.190396623076923,cmucssa
713,13,2.835891338461538,3.297745,3.297745,1.9971606,2.5286358615384614,cmucssa
714,15,3.70007812,2.98363,2.98363,3.8060275,3.192607786666667,cmucssa
715,8,3.4817405000000003,5.553582,5.1625265,3.61531175,1.6740846249999999,cmucssa
716,35,3.0167078200000006,7.46629,7.46629,4.3159425,2.7700825342857147,cmucssa
717,10,3.60138295,5.821801,6.2067225,5.104446,1.55960455,cmucssa
718,19,3.247624052631579,5.512905,5.512905,5.512905,2.9574711578947372,cmucssa
720,5,5.334865,5.512905,5.512905,5.512905,4.232284,cmucssa
721,11,3.0835185636363636,6.610537,6.610537,6.610537,2.482560654545454,cmucssa
722,20,2.7749180049999995,1.888901,2.0121662,3.1226675999999998,1.838117725,cmucssa
723,10,3.1468141899999997,5.30969,5.30969,5.30969,2.6158451899999995,cmucssa
724,13,3.0032438076923076,4.894916,4.894916,4.894916,2.6267118076923075,cmucssa
725,7,4.099955857142857,7.405363,7.405363,4.52839925,1.5122991428571428,cmucssa
726,26,3.931268819230769,4.472295,5.111062,3.875939666666666,3.036821203846154,cmucssa
727,18,3.5162822499999997,2.674586,2.674586,3.2647395833333337,2.428035722222222,cmucssa
728,20,3.054118375,6.277512,6.277512,5.2332765,2.5307907249999997,cmucssa
729,9,2.8238388555555556,4.638225,4.638225,2.5908809,2.2480875444444446,cmucssa
730,12,4.149154499999999,6.748957,6.03115,4.9270385,2.5068083333333333,cmucssa
731,16,4.163791925,6.876736,6.876736,5.9910705,3.4149081125,cmucssa
734,15,3.560277546666667,6.764964,5.946657,5.807059333333334,2.39886568,cmucssa
736,14,3.095459421428571,5.687338,3.763781,4.140328333333334,1.321032992857143,cmucssa
737,6,4.1754530333333335,3.822941,3.822941,4.9507635,0.8749440333333333,cmucssa
740,13,3.4069652230769236,3.014365,3.014365,5.2109585,2.6052793,cmucssa
742,8,3.680571375,5.31756,5.31756,5.31756,3.015876375,cmucssa
743,14,3.4610587714285708,5.763121,4.959209333333333,4.995758250000001,2.033699271428571,cmucssa
745,16,3.0539186750000002,6.527233,6.527233,6.527233,2.6459666125,cmucssa
746,12,4.308429608333333,6.617441,5.7470535,5.7470535,3.3505873583333337,cmucssa
748,13,3.4069652230769236,3.014365,3.014365,5.2109585,2.6052793,cmucssa
750,9,4.244283877777779,6.046668,6.046668,4.3964663999999996,1.8018025444444443,cmucssa
751,12,3.5918388166666673,6.843424,6.843424,4.488747,2.4696520666666664,cmucssa
753,9,3.442989977777778,4.962552,4.962552,4.5985575,2.4210883111111112,cmucssa
754,10,2.7833599199999997,5.178407,5.178407,5.178407,2.2655192200000003,cmucssa
761,5,3.6657421,4.638225,4.638225,4.2467525,1.9670411,cmucssa
762,4,5.270991,6.89819,6.89819,5.961349000000001,0.79997925,cmucssa
768,21,3.422982666666666,2.606439,2.606439,4.393569666666667,2.795329857142857,cmucssa
769,11,2.9024991727272726,4.662992,4.662992,4.662992,2.478590809090909,cmucssa
770,11,3.1742791818181817,4.438001,4.438001,4.438001,2.7708245454545453,cmucssa
772,17,3.499460805882353,5.681326,5.681326,5.681326,3.165265158823529,cmucssa
773,7,3.488239828571429,3.223251,3.223251,3.9257394999999997,2.3665999714285713,cmucssa
775,7,4.0417323,3.959629,4.729862,5.58670625,0.8493287285714286,cmucssa
776,9,3.4154629999999995,4.624757,4.624757,4.624757,2.901601111111111,cmucssa
777,13,3.5797073846153853,6.258925,6.687313,6.687313,2.0364813076923074,cmucssa
779,8,3.855195875,6.827687,6.827687,5.8786895,2.3855235,cmucssa
780,11,2.730857227272727,6.842975,6.842975,4.0268885,1.9986956818181816,cmucssa
781,12,3.5918388166666673,6.843424,6.843424,4.488747,2.4696520666666664,cmucssa
782,17,3.9615960823529406,6.45452,6.077415,5.388327499999999,2.693754317647059,cmucssa
783,4,5.16158575,7.786783,7.786783,7.786783,3.21489,cmucssa
784,9,3.442989977777778,4.962552,4.962552,4.5985575,2.4210883111111112,cmucssa
785,6,4.804213399999999,6.527233,6.527233,5.744934499999999,2.889235233333333,cmucssa
786,19,2.7320095105263156,4.862206,4.862206,4.862206,2.476103931578947,cmucssa
787,11,4.0628732727272725,8.033293,8.033293,6.194643,2.9365745454545458,cmucssa
789,12,3.265641666666667,5.261537,5.261537,4.2325634999999995,2.5602144166666667,cmucssa
790,16,3.08950166875,5.154819,5.154819,5.154819,2.76732548125,cmucssa
792,15,2.806623906666667,5.512905,5.512905,5.512905,2.439096906666667,cmucssa
797,27,3.2762728592592594,5.980581,5.980581,3.4295613,3.022231281481481,cmucssa
798,7,3.7281049714285714,7.238657,7.238657,6.1720310000000005,1.9646675428571427,cmucssa
799,16,3.0799410500000004,3.589139,3.589139,1.8950269,2.8430626875000002,cmucssa
800,12,4.88668775,6.527233,6.527233,5.489407,3.971786583333333,cmucssa
802,14,2.9046908000000005,3.534657,3.534657,4.0994975,2.3190483,cmucssa
803,23,3.501537204347826,4.876083,4.876083,4.876083,3.2895335956521734,cmucssa
804,17,3.3402884470588226,6.800486,6.800486,6.800486,2.940259858823529,cmucssa
805,12,2.735237958333333,4.136943,4.136943,2.9403914999999996,2.2451727083333335,cmucssa
806,13,3.6887439307692307,4.876083,5.399076,5.632291666666667,2.388984315384615,cmucssa
807,6,4.060576033333333,5.550694,5.550694,5.6520364999999995,2.1765638666666667,cmucssa
808,11,3.1742791818181817,4.438001,4.438001,4.438001,2.7708245454545453,cmucssa
810,5,4.7906096,6.713067,6.713067,5.931913,2.4178444,cmucssa
811,11,3.057633672727272,4.876083,4.876083,4.876083,2.6143534,cmucssa
812,7,4.144282714285715,4.199262,4.199262,4.5898505,2.8328968571428574,cmucssa
813,6,4.712947833333334,6.928241,6.928241,5.606426,2.8441391666666664,cmucssa
814,7,4.089717328571428,6.264486,6.264486,5.175624249999999,1.132217757142857,cmucssa
815,19,2.770766773684211,2.561573,2.561573,2.561573,2.635947142105264,cmucssa
816,12,3.7148821250000004,5.11659,5.11659,2.9956737500000004,3.2156031666666673,cmucssa
817,13,3.494775138461539,6.617081,7.0510535,6.417622000000001,2.0137854461538462,cmucssa
818,11,3.254601454545455,4.251999,4.251999,4.854628,2.3719418181818184,cmucssa
819,5,4.265133,6.956495,6.956495,4.935367,2.2909862,cmucssa
820,40,3.1059952749999997,5.1494,5.1494,5.1494,2.977260275,cmucssa
821,13,3.494775138461539,6.617081,7.0510535,6.417622000000001,2.0137854461538462,cmucssa
824,5,4.7470358,3.834624,3.834624,4.89560625,0.8305507999999999,cmucssa
825,5,4.403748,6.866095,6.866095,5.050479,1.3734606,cmucssa
826,10,3.7554183500000002,6.037586,6.037586,6.0199355,2.5514312500000003,cmucssa
827,15,3.195420486666666,5.801663,5.801663,5.801663,2.808642953333333,cmucssa
828,16,3.7085833624999993,2.437864,2.437864,3.88798,2.7365883624999996,cmucssa
829,6,3.600999,5.823377,5.823377,4.238873,2.188041333333333,cmucssa
832,3,3.9598253333333333,5.976814,5.976814,5.976814,1.967554,cmucssa
833,4,4.283473000000001,5.004327,5.004327,5.004327,3.0323912500000003,cmucssa
834,8,2.953604,4.577792,4.577792,4.577792,2.38138,cmucssa
836,12,2.743182283333334,6.555843,6.555843,5.45066,1.83473895,cmucssa
837,29,3.4285963620689652,6.088486,5.597466,3.7557684833333327,2.6515408137931034,cmucssa
838,5,4.2578514,5.109433,5.109433,3.8340676666666664,1.9574108,cmucssa
840,4,3.0290135000000005,5.512905,5.512905,5.512905,1.6507872499999998,cmucssa
841,25,3.073791656000001,8.327279,8.327279,4.8576385,2.6851805759999996,cmucssa
844,19,2.3670569263157892,2.284431,2.284431,1.4545775,2.213943505263158,cmucssa
846,9,4.176796877777778,4.465277,4.465277,4.686879333333334,2.614503766666667,cmucssa
848,13,3.231600653846154,3.559633,3.559633,3.559633,2.9577827307692313,cmucssa
849,11,3.9023754636363637,6.857963,6.857963,6.004360999999999,2.810673463636364,cmucssa
851,12,3.3573024166666663,4.251999,4.251999,4.129497499999999,2.669052833333333,cmucssa
852,30,2.9288939136666667,4.7846,4.7846,4.7846,2.7694072470000006,cmucssa
854,6,4.238105833333333,6.258925,6.258925,4.578625333333333,1.9487931666666667,cmucssa
855,12,2.7055700999999996,7.036763,6.0680665000000005,6.0680665000000005,1.6942256833333333,cmucssa
856,12,3.1050312750000004,7.068726,7.068726,7.068726,2.515970775,cmucssa
857,16,3.71664838125,6.102458,6.102458,6.102458,3.3352447562500003,cmucssa
858,14,3.8788687428571427,5.020321,5.020321,2.9638062,3.4554678571428568,cmucssa
859,9,3.5568126666666666,4.637844,4.637844,4.637844,3.0414966666666667,cmucssa
860,5,4.20592782,4.478161,4.478161,4.478161,3.31029562,cmucssa
861,11,3.535734727272727,6.088486,6.088486,4.6805455,2.6847264545454546,cmucssa
864,6,3.9053025,5.249664,5.249664,4.2960405,2.4732890000000003,cmucssa
865,10,3.0656553000000004,5.887304,5.887304,5.887304,2.4769249,cmucssa
868,22,3.1688466636363626,5.913692,5.913692,3.5901197499999995,2.5160976181818175,cmucssa
869,22,3.1688466636363626,5.913692,5.913692,3.5901197499999995,2.5160976181818175,cmucssa
870,9,4.006094888888889,6.958596,6.958596,6.958596,3.2329175555555554,cmucssa
872,6,3.9053025,5.249664,5.249664,4.2960405,2.4732890000000003,cmucssa
875,15,3.4111561466666673,4.876083,5.623506000000001,5.1974963333333335,2.37165688,cmucssa
876,10,2.8512647799999997,6.112976,6.112976,6.112976,2.23996718,cmucssa
877,19,3.688780810526316,3.50966,5.001892,4.54568275,2.7317949684210525,cmucssa
878,14,2.941491607142857,4.077551,4.077551,5.277082999999999,2.187622607142857,cmucssa
879,5,3.9041474000000003,5.367229,5.367229,4.5614785,2.0795559999999997,cmucssa
880,17,2.855617411764706,5.542916,5.542916,3.4974257499999997,2.0326937058823527,cmucssa
884,3,3.9598253333333333,5.976814,5.976814,5.976814,1.967554,cmucssa
885,9,3.4552660000000004,5.637844,5.637844,5.637844,2.8288388888888885,cmucssa
886,6,3.546989333333333,2.711747,2.711747,3.6994075,2.3138535,cmucssa
887,13,3.433521038461538,6.79648,6.79648,5.4762365,2.591023115384615,cmucssa
888,15,2.949383393333333,6.649992,6.649992,3.72799015,2.4523180399999998,cmucssa
890,7,3.0004173428571432,5.264282,4.563763,3.8612581249999995,0.7939841285714285,cmucssa
891,11,3.0555316727272728,5.304675,5.304675,5.304675,2.573288490909091,cmucssa
892,26,3.40285875,6.181467,6.181467,6.181467,3.165110019230769,cmucssa
893,6,5.22342895,4.078015,4.078015,4.078015,4.543759783333333,cmucssa
894,15,3.4069732533333332,4.638316,4.638316,2.7338099,3.0424652666666665,cmucssa
895,11,3.4911516363636355,5.518126,5.518126,5.518126,2.989503818181818,cmucssa
896,16,3.4860352499999996,4.652567,5.223880666666667,4.834531,1.9752443125000003,cmucssa
898,17,3.0517123235294124,6.45112,5.191389666666667,3.2020035,1.1681808529411766,cmucssa
899,17,3.8905079647058822,6.100998,5.0930990000000005,4.140279,2.916324670588235,cmucssa
900,25,3.541918564,7.141381,6.0064085,6.0064085,3.061405884,cmucssa
902,9,3.528113655555556,5.512905,5.761518000000001,4.058187414285714,0.37174566666666664,cmucssa
903,19,3.4956093315789474,3.655953,3.655953,4.407032333333333,2.7997621210526313,cmucssa
904,6,3.9332925333333333,5.976814,5.976814,5.976814,2.9371568666666668,cmucssa
905,11,2.8507111636363636,4.764038,4.764038,4.061045,2.1123393454545454,cmucssa
906,13,2.8624299538461537,5.192371,5.192371,5.192371,2.4630168,cmucssa
907,11,3.3206969090909086,5.413448,5.413448,5.413448,2.828565272727273,cmucssa
910,10,3.4313668199999996,7.59834,7.59834,3.966872675,1.84461775,cmucssa
911,12,3.117061583333333,3.640095,3.640095,4.2147145,1.71215675,cmucssa
912,11,3.23924939090909,4.772542,4.772542,3.491022971428571,1.0176893181818183,cmucssa
913,4,4.63012475,6.776963,6.776963,5.1718045,2.0442225,cmucssa
914,13,2.807700861538461,4.638225,4.638225,2.5908809,2.4091038,cmucssa
915,9,4.037653,6.100998,6.100998,4.858436666666667,2.418174111111111,cmucssa
916,14,3.5341483571428576,5.910038,5.910038,3.5228547500000005,0.5145585714285714,cmucssa
917,5,2.90594982,6.290077,6.290077,6.290077,1.64793442,cmucssa
918,9,3.174174222222222,5.336437,4.921991,4.921991,2.0803984444444446,cmucssa
919,9,3.174174222222222,2.296368,3.4341623333333335,3.187923666666667,1.0488917777777778,cmucssa
920,9,3.174174222222222,2.296368,3.4341623333333335,3.187923666666667,1.0488917777777778,cmucssa
921,9,3.5041441111111116,2.081272,2.081272,2.081272,3.272891666666667,cmucssa
923,5,4.0466902,5.512905,5.512905,5.512905,2.9441092,cmucssa
924,5,5.3816018,6.530301,6.530301,5.2046425,3.2997448,cmucssa
925,18,3.4448526,5.128599,5.128599,2.66321685,3.148939616666666,cmucssa
926,27,3.2941566074074076,4.508268,5.408716500000001,4.3771084,2.4835809777777778,cmucssa
927,17,4.143573452941176,6.065041,6.065041,5.0678445,2.9511394529411765,cmucssa
928,10,2.59742484,5.510592,5.510592,3.20786695,1.9558514499999995,cmucssa
929,8,3.4900655,6.418449,6.418449,6.418449,2.687759375,cmucssa
931,18,2.4075742277777774,2.772477,2.72383,1.9848464999999997,1.8562279777777775,cmucssa
932,3,5.0690756666666665,6.594397,6.594397,6.594397,2.870943333333333,cmucssa
933,11,3.1671923636363633,6.969985,6.969985,6.969985,2.5335573636363637,cmucssa
935,12,3.3573024166666663,4.251999,4.251999,4.129497499999999,2.669052833333333,cmucssa
937,26,3.40285875,6.181467,6.181467,6.181467,3.165110019230769,cmucssa
938,5,5.09544014,4.55466,4.55466,4.55466,4.18450814,cmucssa
941,13,2.656629661538461,3.955346,3.955346,3.953393,2.0484153538461536,cmucssa
942,5,4.344513560000001,7.577939,7.577939,4.7517182,0.543139,cmucssa
943,4,4.220968,7.392509,7.392509,4.560762,1.940587,cmucssa
945,18,3.341796455555555,6.000082,6.000082,5.917375,2.684310344444444,cmucssa
946,7,4.111166428571429,6.402346,6.402346,6.402346,3.1965455714285715,cmucssa
947,16,3.8542047506249997,6.733925,6.964866000000001,4.442853833333333,2.1881345631249998,cmucssa
949,9,3.9103628555555554,7.124942,7.124942,3.93610835,3.0356721111111113,cmucssa
950,7,4.659418,7.577134,7.577134,7.577134,3.5769702857142858,cmucssa
951,20,3.3073814625000004,4.880144,4.152149,4.152149,2.8921665625,cmucssa
952,8,4.589540875000001,4.703452,3.9775280000000004,4.9461406,1.498203,cmucssa
953,4,4.292948,6.910512,6.910512,6.910512,2.56532,cmucssa
954,9,3.230019011111111,3.706128,3.706128,3.9097190000000004,1.9267793444444448,cmucssa
956,16,3.7085833624999993,2.437864,2.437864,3.88798,2.7365883624999996,cmucssa
957,23,3.0182933608695652,4.24185,4.24185,3.378641,2.7244984913043475,cmucssa
958,6,4.344359683333334,3.72793,3.72793,3.741829,3.09708335,cmucssa
960,15,3.0340719933333333,4.206861,4.206861,2.34199115,2.7218065066666663,cmucssa
961,12,4.39896435,8.50514,8.50514,4.4467692,3.28727205,cmucssa
962,8,3.8272581999999997,4.461753,4.461753,4.635809999999999,2.6683057,cmucssa
963,6,4.013905533333333,4.844058,4.844058,4.8710225000000005,2.390231366666667,cmucssa
966,29,3.0647343931034485,2.763376,2.763376,2.2123405,2.9121591862068965,cmucssa
967,6,3.5051046666666665,2.437927,2.437927,2.437927,3.0987835,cmucssa
968,27,3.1364865666666675,5.336593,5.622142,4.143275666666667,2.676122603703704,cmucssa
969,6,4.084280666666667,2.474347,2.474347,3.9259202,0.8126805,cmucssa
970,20,3.901556145,5.678431,5.4363205,3.24998075,3.251559995,cmucssa
975,5,4.1154914,6.482378,6.482378,5.3694485,1.9677120000000001,cmucssa
976,12,3.0706703999999996,5.277817,5.277817,3.327083,2.5161565666666665,cmucssa
977,8,3.8272581999999997,4.461753,4.461753,4.635809999999999,2.6683057,cmucssa
978,15,3.3568151200000007,5.53607,5.53607,3.1762279999999996,2.9333180533333336,cmucssa
979,11,3.1208817727272726,5.415995,5.0649975000000005,3.643296566666667,2.1272554363636362,cmucssa
980,9,2.6358306222222225,4.915165,4.915165,2.9575825,1.9785900666666667,cmucssa
981,34,3.095606279411764,7.372837,7.372837,7.372837,2.878758132352941,cmucssa
982,13,3.9268606153846153,6.502573,6.502573,5.8266659999999995,3.0304504615384613,cmucssa
983,21,3.793390880952381,5.86437,5.86437,4.996938,3.317492023809524,cmucssa
984,29,3.2240454793103446,6.211452,5.9180345,5.014175,2.5324351344827587,cmucssa
988,13,3.346252576923076,5.46365,5.46365,3.14594005,2.8622617999999997,cmucssa
989,10,4.001764400000001,5.402493,5.402493,4.415855,3.1185934000000004,cmucssa
990,24,3.2000350333333327,6.699839,4.848181666666666,4.073073,2.0120554083333335,cmucssa
992,6,4.565089166666667,6.21617,6.21617,6.21617,3.5290608333333338,cmucssa
993,13,3.8601121538461536,7.044316,7.044316,7.044316,3.3182416923076925,cmucssa
994,6,4.013905533333333,4.844058,4.844058,4.8710225000000005,2.390231366666667,cmucssa
995,11,3.140146772727273,5.512905,5.1134525,3.6755999,2.1377104363636366,cmucssa
996,10,2.95626066,6.077893,6.077893,3.9184319999999997,1.7807310600000001,cmucssa
997,34,3.095606279411764,7.372837,7.372837,7.372837,2.878758132352941,cmucssa
998,20,3.901556145,5.678431,5.4363205,3.24998075,3.251559995,cmucssa
999,22,3.865015363636364,5.550694,5.2102735,5.2102735,3.3913541363636366,cmucssa
1002,12,3.180362758333333,6.817091,6.817091,6.817091,2.612271841666667,cmucssa
1006,10,4.09873741,5.445959,5.914834,4.210536366666667,2.8355764999999997,cmucssa
1007,7,4.13037,6.037586,6.037586,6.037586,3.2678577142857144,cmucssa
1008,38,3.0550857157894744,7.255705,5.29545525,5.5501033333333325,2.178753610526316,cmucssa
1009,9,3.759182222222223,8.516109,8.516109,5.0648635,2.6336570000000004,cmucssa
1011,15,2.9982275479999996,4.088296,4.925879999999999,2.9792330275000003,1.4093032666666667,cmucssa
1012,10,4.6434399,7.176857,7.176857,7.176857,3.9257542,cmucssa
1013,12,2.5423118666666666,4.884516,4.033091,3.2568189,1.4567055666666666,cmucssa
1014,2,4.4917055,5.806632,5.806632,5.806632,1.5883895,cmucssa
1016,5,4.85275736,5.969396,5.969396,4.9748966999999995,0.8728400000000001,cmucssa
1018,15,2.9982275479999996,4.088296,4.925879999999999,2.9792330275000003,1.4093032666666667,cmucssa
1022,27,3.2794191296296296,2.995391,4.237704,3.4993431999999998,2.6313926111111106,cmucssa
1023,11,3.403241909090909,5.14302,5.14302,3.3316225,2.7974923636363638,cmucssa
1027,12,2.6845192333333334,4.772221,2.6578789,2.6578789,2.2415394166666665,cmucssa
1031,13,3.474985807692307,3.480361,3.480361,4.1891739999999995,2.8304975,cmucssa
1032,1,4.344113,4.344113,4.344113,4.344113,0.0,cmucssa
1034,8,3.7611743749999995,5.887334,5.887334,5.887334,3.025257625,cmucssa
1035,5,3.6698338,6.007284,6.007284,6.007284,2.468377,cmucssa
1036,16,3.65149090625,5.109929,5.021152000000001,3.8264695,2.21656484375,cmucssa
1037,16,3.6194899375000005,5.859344,5.859344,3.80467875,2.6683202500000003,cmucssa
1038,17,3.2420386,4.864025,4.864025,4.864025,2.955919482352941,cmucssa
1039,10,2.83591778,5.904461,5.904461,5.904461,2.24547168,cmucssa
1040,32,2.44914973125,5.845643,5.845643,5.845643,2.2664733875,cmucssa
1041,7,4.205879,5.637844,4.786433000000001,4.5926461666666665,0.2693251428571429,cmucssa
1042,16,3.65149090625,5.109929,5.021152000000001,3.8264695,2.21656484375,cmucssa
1043,7,3.8456322857142857,5.887334,5.887334,5.887334,3.004584571428571,cmucssa
1044,17,3.7254113529411765,4.368162,4.368162,4.1277738,2.511360235294118,cmucssa
1045,14,3.821940685714286,3.219201,5.0123555,5.493347,2.6447949,cmucssa
1046,16,3.65149090625,5.109929,5.021152000000001,3.8264695,2.21656484375,cmucssa
1049,24,3.134223458333333,6.46486,6.46486,3.8343085333333335,2.6549348916666666,cmucssa
1051,32,3.22266126875,6.022297,5.284798,4.8337596666666665,2.7694963000000006,cmucssa
1053,7,3.5442445,5.976814,5.976814,5.64058,1.9326502142857145,cmucssa
1054,8,3.81929465,7.036763,7.036763,6.093761,2.2958544,cmucssa
1055,16,3.15967610625,5.481262,5.481262,5.481262,2.81709723125,cmucssa
1056,17,3.2285290235294113,5.512905,5.512905,5.512905,2.904240494117647,cmucssa
1058,8,3.7531109874999995,5.70482,5.70482,5.70482,3.0400084874999997,cmucssa
1059,7,3.4341143000000005,5.663349,5.663349,5.0232995,1.9988858714285715,cmucssa
1061,11,3.403241909090909,5.14302,5.14302,3.3316225,2.7974923636363638,cmucssa
1066,36,3.2456015138888894,6.022297,5.5257369999999995,4.994385666666666,2.8294027083333337,cmucssa
1067,13,3.6198606230769226,3.308426,3.308426,3.5052885,3.080585469230769,cmucssa
1068,7,3.995113071428571,5.550694,5.550694,5.550694,3.2021567857142856,cmucssa
1070,16,5.254863,6.037586,6.037586,6.037586,4.877513875,cmucssa
1071,20,3.9362484599999994,8.501648,6.748892,4.961927333333333,3.1919593599999994,cmucssa
1072,9,3.282099266666667,5.050276,5.050276,2.9179902,2.6336570000000004,cmucssa
1073,5,4.14745516,6.482378,6.482378,5.3694485,1.99967576,cmucssa
1075,16,3.6711887437499997,6.154926,6.154926,5.6587955,2.96383930625,cmucssa
1076,13,4.069007769230769,3.228921,5.8485755,6.307503666666666,2.61343,cmucssa
1077,34,2.7528406676470594,4.577792,3.49582,2.40869996,2.398620085294118,cmucssa
1079,5,5.187412999999999,6.527233,7.086947,6.362587,1.3698608,cmucssa
1082,17,3.8922016470588234,5.86437,5.86437,5.86437,3.5472387058823527,cmucssa
1083,16,3.65149090625,5.109929,5.021152000000001,3.8264695,2.21656484375,cmucssa
1085,3,5.471532333333333,8.946539,8.946539,8.946539,2.4893526666666665,cmucssa
1086,6,4.677693666666667,4.746988,4.746988,4.965542666666667,2.1949223333333334,cmucssa
1087,13,3.9577678615384615,5.756896,5.756896,5.756896,3.514929707692308,cmucssa
1088,9,3.186491833333333,4.061521,4.061521,5.269068,2.015587833333333,cmucssa
1089,16,3.65149090625,5.109929,5.021152000000001,3.8264695,2.21656484375,cmucssa
1090,10,4.06331637,7.124942,7.124942,3.93610835,3.2760946999999994,cmucssa
1091,25,3.0333619240000007,4.83101,4.83101,2.83175945,2.8068211680000004,cmucssa
1092,6,4.484759166666667,6.910512,6.910512,6.910512,3.333007166666667,cmucssa
1093,18,2.68594755,4.047126,4.047126,2.9132237333333335,2.200410261111111,cmucssa
1095,19,3.0511993368421053,4.559043,4.7779675,3.138289,2.390506915789474,cmucssa
1096,20,2.934699959999999,6.278955,6.278955,4.2347895,2.51122101,cmucssa
1097,9,3.389023333333333,6.097601,6.097601,6.097601,2.711512111111111,cmucssa
1098,11,3.403241909090909,5.14302,5.14302,3.3316225,2.7974923636363638,cmucssa
1100,20,3.455531155,5.550694,5.550694,4.7411885,2.981412305,cmucssa
1101,13,3.9577678615384615,5.756896,5.756896,5.756896,3.514929707692308,cmucssa
1104,24,3.5144275375,5.57337,5.6164355,4.8588557833333335,2.299713591666667,cmucssa
1105,22,3.683983427272727,4.263448,4.130307666666667,4.309657500000001,2.5086222909090914,cmucssa
1106,24,2.9502926375,6.939235,6.939235,4.456740000000001,2.3932001375,cmucssa
1107,24,3.1822266833333344,6.46486,6.46486,4.324523333333333,2.6416612666666666,cmucssa
1109,10,2.20626044,4.876083,4.876083,4.876083,1.7186521399999997,cmucssa
1110,5,3.7478523000000004,7.58891,7.58891,4.730832666666666,0.9093527,cmucssa
1112,18,3.9486087777777783,5.353955,5.353955,5.353955,3.651166833333334,cmucssa
1114,11,4.340465272727273,6.048378,6.048378,6.048378,3.7906127272727272,cmucssa
1116,11,3.403241909090909,5.14302,5.14302,3.3316225,2.7974923636363638,cmucssa
1117,7,3.575619142857143,6.527233,6.527233,6.527233,2.6431572857142855,cmucssa
1120,10,2.38964655,7.032404,5.358715,4.446184333333334,1.05579125,cmucssa
1122,13,4.069007769230769,3.228921,5.8485755,6.307503666666666,2.61343,cmucssa
1124,6,3.7212207833333335,5.909381,5.909381,5.909381,2.7363239500000005,cmucssa
1125,12,3.5637504166666667,4.578514,4.578514,4.578514,3.1822075833333336,cmucssa
1126,27,3.615843737037037,5.462672,5.462672,5.462672,3.413522551851852,cmucssa
1127,16,3.0624749125,7.133554,7.133554,4.436888,2.5078639125,cmucssa
1130,19,2.825174626315789,4.876083,4.876083,4.876083,2.5685386789473683,cmucssa
1133,20,3.9362484599999994,8.501648,6.748892,4.961927333333333,3.1919593599999994,cmucssa
1134,9,3.282099266666667,5.050276,5.050276,2.9179902,2.6336570000000004,cmucssa
1136,17,3.863512411764706,5.822628,5.822628,5.822628,3.5210048823529414,cmucssa
1137,9,3.5487573,5.154819,5.154819,2.6763268499999997,2.9540179999999996,cmucssa
1138,5,2.4341321999999996,5.073573,5.073573,5.073573,1.4194176,cmucssa
1139,14,3.462789357142857,3.604091,3.604091,3.604091,3.205354285714286,cmucssa
1146,6,3.1406658333333333,6.527233,6.527233,6.527233,2.0527936666666666,cmucssa
1148,10,3.0393037100000004,5.171039,5.171039,3.3185665,2.37559041,cmucssa
1149,7,3.822120214285714,6.910512,6.910512,6.910512,2.8349042142857144,cmucssa
1150,10,3.11693063,5.392224,5.392224,3.37807575,1.76570033,cmucssa
1151,6,4.013905533333333,4.844058,4.844058,4.8710225000000005,2.390231366666667,cmucssa
1155,25,3.2141345479999996,6.258925,6.258925,6.258925,2.963777548,cmucssa
1156,25,3.2141345479999996,6.258925,6.258925,6.258925,2.963777548,cmucssa
1157,25,3.2141345479999996,6.258925,6.258925,6.258925,2.963777548,cmucssa
1158,7,4.382441171428572,5.747957,5.747957,4.9461835,1.5560506,cmucssa
1159,6,4.013905533333333,4.844058,4.844058,4.8710225000000005,2.390231366666667,cmucssa
1160,3,4.100925666666666,4.044399,4.044399,3.516455,1.7566223333333333,cmucssa
1161,12,3.1043365416666666,2.866686,2.866686,3.5269415000000004,2.5165129583333337,cmucssa
1162,12,2.859573725,2.255724,2.255724,2.255724,2.671596725,cmucssa
1164,5,3.5172808000000004,5.714447,5.714447,3.348077,2.17805,cmucssa
1166,8,4.153502125,2.596192,3.7080665,4.11647175,2.09526625,cmucssa
1169,25,3.3044935040000003,4.638225,4.638225,4.638225,3.118964504,cmucssa
1170,15,2.966446326666666,7.552895,7.552895,6.8317885,2.0555411933333327,cmucssa
1172,16,3.1992416625,5.512905,5.512905,5.512905,2.8546850999999998,cmucssa
1173,6,4.013905533333333,4.844058,4.844058,4.8710225000000005,2.390231366666667,cmucssa
1174,6,3.8763585000000003,2.791026,3.83657,4.0751602,0.4803916666666667,cmucssa
1175,15,2.966446326666666,7.552895,7.552895,6.8317885,2.0555411933333327,cmucssa
1176,8,4.493063674999999,5.512905,6.434658,6.743416666666666,1.964282425,cmucssa
1177,8,2.8271307999999995,5.512905,5.512905,5.512905,2.138017675,cmucssa
1178,11,3.762922181818182,6.115328,6.115328,6.115328,3.206983272727273,cmucssa
1179,11,3.386868109090909,3.291835,3.291835,3.80285275,2.0040125636363637,cmucssa
1180,12,3.4403963999999996,5.512905,4.697372666666666,3.9162635,2.1349752333333334,cmucssa
1181,9,3.9390107777777774,3.904228,3.904228,5.830072333333334,1.9956533333333333,cmucssa
1183,7,3.8230772142857146,6.611545,6.611545,6.611545,2.8785707857142855,cmucssa
1184,6,4.013905533333333,4.844058,4.844058,4.8710225000000005,2.390231366666667,cmucssa
1186,13,2.8928276384615383,2.538382,2.538382,1.8959115,2.6011489461538466,cmucssa
1187,14,3.0231487500000003,5.837269,5.9073165,5.9073165,2.179246392857143,cmucssa
1189,8,4.043990399999999,5.550694,5.550694,4.7411885,2.858693275,cmucssa
1190,9,3.6613499,7.127346,7.127346,7.24414,2.0515410111111114,cmucssa
1191,9,2.578247077777778,1.554753,1.554753,1.554753,2.405496744444445,cmucssa
1192,13,3.6293455846153844,6.114323,6.114323,6.114323,3.159013046153846,cmucssa
1194,14,3.881498128571429,3.835371,3.835371,3.638079,3.361772557142857,cmucssa
1195,10,4.025336279999999,5.287681,5.287681,4.719414,2.6095120799999996,cmucssa
1197,9,3.8108054333333334,7.268284,7.268284,4.031668,2.9148792111111113,cmucssa
1198,6,4.013905533333333,4.844058,4.844058,4.8710225000000005,2.390231366666667,cmucssa
1199,7,3.8230772142857146,6.611545,6.611545,6.611545,2.8785707857142855,cmucssa
1200,7,3.8230772142857146,6.611545,6.611545,6.611545,2.8785707857142855,cmucssa
1201,32,2.44914973125,5.845643,5.845643,5.845643,2.2664733875,cmucssa
1202,6,4.139987666666667,5.637844,4.786433000000001,4.59093,0.31421266666666664,cmucssa
1203,5,3.9404612,6.989231,6.989231,5.091524333333333,0.8855466,cmucssa
1205,13,3.315451707692307,3.750727,3.750727,4.6296764999999995,2.6031937846153848,cmucssa
1206,8,3.916398375,4.449072,4.449072,4.659617,2.751494125,cmucssa
1208,15,2.966446326666666,7.552895,7.552895,6.8317885,2.0555411933333327,cmucssa
1213,9,3.671692666666667,5.776531,5.776531,4.6229785,2.6443641111111114,cmucssa
1214,18,3.9861423666666664,8.176492,8.176492,8.176492,3.531892811111111,cmucssa
1217,3,4.777895333333333,6.229505,6.229505,5.8089955,0.9052316666666668,cmucssa
1218,15,2.966446326666666,7.552895,7.552895,6.8317885,2.0555411933333327,cmucssa
1219,9,3.4552660000000004,5.637844,5.637844,5.637844,2.8288388888888885,cmucssa
1220,9,3.4552660000000004,5.637844,5.637844,5.637844,2.8288388888888885,cmucssa
1221,21,2.7310757047619045,4.563875,4.563875,2.8107585000000004,2.463384419047619,cmucssa
1222,15,2.966446326666666,7.552895,7.552895,6.8317885,2.0555411933333327,cmucssa
1224,3,5.166848666666667,6.23336,6.23336,5.232381,1.6785946666666665,cmucssa
1227,21,2.8870633047619045,7.032408,7.032408,4.0536655,2.5009999238095233,cmucssa
1228,8,4.144255375,5.688997,6.3671895,5.335894499999999,1.476308125,cmucssa
1229,5,3.9521914000000002,7.290857,7.290857,4.6088825,2.1086384000000002,cmucssa
1232,12,3.0094617916666664,3.082978,3.082978,3.5241845,2.4220977083333333,cmucssa
1234,4,4.25731425,6.258925,5.840697499999999,4.912724,0.57277125,cmucssa
1236,23,2.5792134826086954,5.10937,5.10937,3.9509649000000002,2.063870234782609,cmucssa
1238,12,4.485155,6.048378,6.048378,5.1003,3.635105,cmucssa
1239,22,3.617436590909091,3.977373,3.977373,5.805080666666666,2.8258346818181814,cmucssa
1240,7,3.834074285714286,3.838558,4.673058,4.5762773333333335,1.8728125714285715,cmucssa
1241,10,3.12219841,3.552691,4.476339,3.19463305,1.8443451899999999,cmucssa
1242,6,4.577453833333333,5.417253,5.417253,4.751194,2.2018568333333333,cmucssa
1244,5,2.69225628,2.031844,2.031844,1.4590447,2.1086384000000002,cmucssa
1245,16,3.7085833624999993,2.437864,2.437864,3.88798,2.7365883624999996,cmucssa
1248,12,2.8764423749999994,6.842975,6.842975,4.177218666666667,1.832137708333333,cmucssa
1250,18,3.4448526,5.128599,5.128599,2.66321685,3.148939616666666,cmucssa
1251,26,3.2822264,5.020152,5.136458,4.20830325,2.634795130769231,cmucssa
1252,16,4.16823054375,6.065041,6.065041,5.626528333333333,3.1132564812499997,cmucssa
1253,10,2.59742484,5.510592,5.510592,3.20786695,1.9558514499999995,cmucssa
1254,8,3.4900655,6.418449,6.418449,6.418449,2.687759375,cmucssa
1255,10,4.46753679,4.495176,5.621855,4.468576414285715,1.3395333,cmucssa
1256,19,3.2523189789473683,6.185282,6.02891,4.346509,2.5660280842105263,cmucssa
1258,4,4.80356625,6.112976,6.112976,4.923799333333334,1.11071675,cmucssa
1259,11,3.8713050727272726,1.785817,1.785817,1.785817,3.7089580727272717,cmucssa
1261,18,3.1210173388888887,5.455238,5.455238,5.455238,2.817948561111111,cmucssa
1262,33,3.0762666575757573,6.373854,6.373854,4.320904,2.8143936878787876,cmucssa
1263,10,2.82411887,4.338941,4.338941,4.338941,2.39022477,cmucssa
1264,4,3.86411275,4.219174,4.219174,4.913985,1.40712025,cmucssa
1265,5,3.8509012,3.919211,3.919211,3.919211,3.0670590000000004,cmucssa
1266,12,3.7089188083333333,3.652265,3.652265,3.652265,3.4045633916666667,cmucssa
1268,7,4.294995428571428,5.688997,6.3671895,5.9900356666666665,1.7278372857142856,cmucssa
1273,24,3.968058108333334,4.142262,6.1163188,5.800361250000001,2.034604358333333,cmucssa
1274,16,3.28027618125,6.333472,6.333472,6.333472,2.88443418125,cmucssa
1275,24,3.968058108333334,4.142262,6.1163188,5.800361250000001,2.034604358333333,cmucssa
1276,16,3.28027618125,6.333472,6.333472,6.333472,2.88443418125,cmucssa
1277,9,4.111844,7.013152,7.013152,4.481379,2.618051,cmucssa
1278,22,3.5298839818181817,5.561723,5.561723,3.9148385,3.173989572727274,cmucssa
1279,12,2.449159516666667,4.27194,4.27194,4.27194,2.093164516666667,cmucssa
1281,21,3.1090600809523816,6.263335,5.134385,3.034884925,2.530986761904762,cmucssa
1282,11,3.7367640818181815,4.082415,4.6560760000000005,3.5704978428571432,1.4646290909090909,cmucssa
1283,21,3.630099838095239,5.561723,5.561723,5.561723,3.3652558857142867,cmucssa
1284,4,4.6671197499999995,5.37648,5.37648,4.956545,2.18884725,cmucssa
1285,6,4.219471666666666,6.436282,6.436282,6.436282,3.146758,cmucssa
1287,11,3.841944181818182,7.17614,7.17614,4.607878833333333,1.3285557272727273,cmucssa
1288,10,3.7172027,2.320992,3.041287,3.041287,3.1089453,cmucssa
1289,3,2.680997,4.219174,4.219174,4.219174,1.2746056666666667,cmucssa
1290,4,3.53970925,3.087869,3.087869,3.087869,2.767742,cmucssa
1291,11,3.583377245454545,4.773325,4.773325,4.773325,3.1494386090909092,cmucssa
1292,7,1.8867068857142857,2.866686,2.866686,1.88734165,1.3474664142857142,cmucssa
1293,25,2.8548952439999997,3.657084,3.657084,1.9917805499999999,2.6955527999999997,cmucssa
1294,11,3.8374018090909088,6.670905,6.670905,6.670905,3.2309558999999997,cmucssa
1295,17,3.053439264705882,6.839319,6.839319,6.839319,2.651126382352941,cmucssa
1296,12,3.3577705666666673,5.80553,5.80553,5.80553,2.8739764,cmucssa
1299,12,3.1169927083333335,2.851963,2.851963,2.851963,2.879329125,cmucssa
1301,31,3.428485580645161,2.636784,4.957366333333334,4.97004995,2.4665404290322583,cmucssa
1304,11,3.7255828181818185,5.885328,5.885328,5.885328,3.190553,cmucssa
1305,13,3.2559448307692307,2.474347,2.474347,3.20738425,2.269057369230769,cmucssa
1306,10,2.51311954,4.03784,4.255739,3.038606,1.29767714,cmucssa
1307,10,3.6894484000000007,6.682178,6.682178,4.371054333333334,2.3781320999999997,cmucssa
1308,8,3.979708,6.202331,6.202331,5.102945666666667,2.066103375,cmucssa
1310,10,4.0492038,7.923953,7.923953,4.5701005,3.1351837000000002,cmucssa
1311,15,4.720166266666666,3.760455,3.760455,5.9136239999999995,3.5374414666666656,cmucssa
1315,4,5.421642,6.910512,6.910512,6.910512,3.694014,cmucssa
1316,15,3.4790216199999997,6.494124,6.494124,6.494124,3.0460800199999998,cmucssa
1319,6,4.393373833333333,3.625923,3.625923,3.625923,3.7890533333333334,cmucssa
1320,17,2.7820865529411765,4.958618,4.958618,4.958618,2.49040314117647,cmucssa
1321,9,2.432123233333334,4.091027,4.091027,3.9507515,1.5541784555555556,cmucssa
1322,5,4.537622799999999,5.854165,5.854165,3.5742015,3.1079422,cmucssa
1323,9,3.0635986444444443,3.647154,3.647154,2.0652687666666663,2.375175722222222,cmucssa
1324,6,3.4876865,6.910512,6.910512,6.910512,2.3359345,cmucssa
1325,11,2.7703364545454545,4.048372,4.048372,4.048372,2.4023026363636366,cmucssa
1327,11,2.477705427272727,4.220335,4.220335,4.220335,2.0940386090909087,cmucssa
1329,10,2.70622103,6.088486,6.088486,3.6850894999999997,1.96920313,cmucssa
1330,15,3.6543750200000003,7.344371,7.344371,4.08413985,3.10982304,cmucssa
1331,6,4.689291166666667,5.415995,5.975403,4.611077666666667,2.3837523333333333,cmucssa
1332,17,2.729058023529411,5.512905,4.852378333333333,3.812813125,1.8319255235294118,cmucssa
1333,6,2.9670623833333334,6.115328,5.100264,3.7696623333333332,1.0822312166666668,cmucssa
1338,17,2.7820865529411765,4.958618,4.958618,4.958618,2.49040314117647,cmucssa
1339,8,2.4005565125,4.546763,4.546763,4.546763,1.8322111375000003,cmucssa
1342,7,3.7710294857142856,7.503152,7.503152,3.9765605,2.634869342857143,cmucssa
1343,27,3.742767755555555,5.22726,5.0616035,3.6185335666666667,3.3407084703703696,cmucssa
1345,9,3.173657355555555,5.479525,5.479525,4.225313333333333,1.7652195777777777,cmucssa
1347,12,3.1975844416666663,5.44849,5.44849,3.6949466666666666,2.2738477749999997,cmucssa
1348,6,4.219471666666666,6.436282,6.436282,6.436282,3.146758,cmucssa
1349,9,3.697106222222222,6.652329,4.939942,3.517033666666667,2.5247616666666666,cmucssa
1352,18,3.1893530833333332,5.563542,6.4184325,6.4184325,2.4761939166666664,cmucssa
1353,8,4.206129625,6.863419,5.762702,4.947454800000001,1.113970375,cmucssa
1354,9,3.111875455555556,5.359173,4.234488,4.486983333333334,1.6162143444444446,cmucssa
1355,6,4.304999666666666,5.336814,5.68558,5.68558,2.4098063333333335,cmucssa
1356,8,4.0894229125,8.13075,8.13075,8.13075,3.0730791625,cmucssa
1357,7,2.535326714285715,4.766012,4.766012,3.112951,1.6459121428571428,cmucssa
1358,7,3.275471,5.534122,5.534122,3.723344,2.2116584285714285,cmucssa
1361,13,2.514378276923077,4.048372,4.048372,4.048372,2.2029650461538464,cmucssa
1366,5,3.1799638000000003,4.496676,4.496676,2.777635,2.0689098,cmucssa
1367,29,2.595115396551724,3.927443,3.927443,3.927443,2.459686327586207,cmucssa
1369,16,3.3989926250000004,6.039266,6.039266,3.3677243333333333,2.7675443125000005,cmucssa
1370,5,4.282741199999999,2.715695,2.715695,4.282741199999999,0.0,cmucssa
1371,13,3.0408052384615383,4.117033,4.580487,3.3126682,1.766702084615385,cmucssa
1372,12,3.0319148583333324,6.229505,6.229505,6.229505,2.512789441666667,cmucssa
1373,19,3.7457969631578947,4.74785,4.74785,4.74785,3.4959101210526313,cmucssa
1374,10,3.7902977,6.519107,6.519107,5.8349329999999995,2.6233110999999996,cmucssa
1375,20,2.9125087549999997,3.444907,3.444907,2.504589,2.6620498550000002,cmucssa
1376,11,2.808216509090909,5.735576,5.735576,5.735576,2.286800509090909,cmucssa
1379,5,3.1799638000000003,4.496676,4.496676,2.777635,2.0689098,cmucssa
1380,29,2.595115396551724,3.927443,3.927443,3.927443,2.459686327586207,cmucssa
1381,7,4.018771914285714,4.737202,4.737202,4.737202,3.3420287714285712,cmucssa
1382,3,3.62508,5.938936,5.938936,3.4603215,1.3181990000000001,cmucssa
1383,12,3.3140753333333333,6.956025,6.956025,4.22133,2.6105203333333336,cmucssa
1386,9,3.3315125555555554,6.793185,6.793185,6.793185,2.576714222222223,cmucssa
1387,18,2.970817966666667,6.974086,6.974086,6.974086,2.5833687444444444,cmucssa
1388,26,2.949592211538462,2.636784,2.751735,2.0658625,2.711223461538462,cmucssa
1389,12,3.3140753333333333,6.956025,6.956025,4.22133,2.6105203333333336,cmucssa
1392,5,3.6350978000000005,4.876083,4.176615,3.93736175,0.4852084,cmucssa
1394,28,3.285938821428572,2.642203,2.080224,2.080224,3.1373513928571426,cmucssa
1396,8,3.8727323,5.688997,6.363072,5.9872906666666665,1.6274982999999998,cmucssa
1398,14,3.5092383785714287,5.512905,5.512905,5.512905,3.1154594500000004,cmucssa
1399,8,2.9239853375000004,5.488832,5.488832,3.1883573500000004,2.1268960000000003,cmucssa
1400,6,3.7010495666666667,5.092434,5.092434,5.092434,2.8523105666666666,cmucssa
1401,5,3.714532019999999,2.963633,2.963633,3.7424415,2.21755542,cmucssa
1402,20,2.9525705450000004,3.375618,3.375618,2.944302,2.6581403450000005,cmucssa
1403,19,2.9938195000000003,5.706994,5.706994,5.706994,2.6934513947368424,cmucssa
1404,5,3.4506039200000003,4.186403,4.6750495,3.760109,1.1945385199999998,cmucssa
1406,8,3.8447487249999996,3.119623,3.119623,3.8406803333333333,2.4044936,cmucssa
1408,17,3.326439947058823,4.220335,4.220335,4.220335,3.078184947058823,cmucssa
1410,7,3.9975601571428574,5.112128,5.112128,4.136159220000001,1.0431607142857142,cmucssa
1412,4,4.3465445,3.014365,3.014365,4.3465445,0.0,cmucssa
1414,10,3.9643421000000005,5.883157,5.883157,3.478407875,1.1816157999999999,cmucssa
1416,11,3.7255828181818185,5.885328,5.885328,5.885328,3.190553,cmucssa
1417,3,4.458669333333334,3.014365,3.014365,4.458669333333334,0.0,cmucssa
1420,7,3.289723857142857,4.884516,4.884516,4.884516,2.5919358571428575,cmucssa
1421,17,3.0097566000000002,4.872467,5.236321,5.190283666666667,2.093824188235294,cmucssa
1422,8,2.753889750000001,6.190507,6.190507,6.190507,1.980076375,cmucssa
1423,8,3.231712375,4.563875,4.563875,2.8107585000000004,2.5290227499999998,cmucssa
1424,7,3.289723857142857,4.884516,4.884516,4.884516,2.5919358571428575,cmucssa
1425,6,4.219471666666666,6.436282,6.436282,6.436282,3.146758,cmucssa
1426,7,3.289723857142857,4.884516,4.884516,4.884516,2.5919358571428575,cmucssa
1428,5,3.56772,3.764442,3.764442,3.8361384999999997,2.0332646,cmucssa
1434,4,3.4826912500000002,3.764442,3.764442,3.764442,2.54158075,cmucssa
1435,6,4.219471666666666,6.436282,6.436282,6.436282,3.146758,cmucssa
1436,13,4.454644307692308,2.436077,4.072693,3.8761786666666667,3.560141538461539,cmucssa
1437,7,3.289723857142857,4.884516,4.884516,4.884516,2.5919358571428575,cmucssa
1440,15,3.254657006666667,5.113973,4.772465,3.4790570333333335,2.5588456,cmucssa
1441,16,3.5519181374999995,6.258925,4.987978,4.9964974,1.9905127,cmucssa
1442,34,3.1503444088235293,4.508268,5.1327755,4.31391125,2.642825438235294,cmucssa
1443,10,2.59742484,5.510592,5.510592,3.20786695,1.9558514499999995,cmucssa
1444,20,3.21671221,5.588156,5.588156,5.588156,2.9373044100000003,cmucssa
1447,19,3.6351069052631573,5.997339,4.2736160000000005,4.872590333333334,2.8657505368421057,cmucssa
1448,3,4.902235,6.910512,6.910512,6.910512,2.5987310000000003,cmucssa
1449,6,3.6443914,7.59668,7.59668,6.3737195,1.5198182333333332,cmucssa
1450,16,3.2082878749999995,5.191896,5.191896,5.191896,2.8837943749999995,cmucssa
1451,10,3.80141662,4.023911,4.023911,4.023911,3.39902552,cmucssa
1452,7,3.349144114285714,5.336814,5.298123,5.298123,1.8353946857142858,cmucssa
1453,7,3.289723857142857,4.884516,4.884516,4.884516,2.5919358571428575,cmucssa
1454,20,3.21671221,5.588156,5.588156,5.588156,2.9373044100000003,cmucssa
1456,16,3.0195417000000004,7.343616,7.343616,5.6376495,2.3148355125,cmucssa
1457,8,2.9262622625,5.976814,5.976814,5.976814,2.1791605124999998,cmucssa
1458,27,3.8262021703703715,8.465039,8.465039,8.465039,3.512682207407408,cmucssa
1459,7,3.289723857142857,4.884516,4.884516,4.884516,2.5919358571428575,cmucssa
1460,5,2.644301,3.525658,3.525658,2.5904935,1.6081036000000002,cmucssa
1461,25,3.318049816000001,5.192371,5.192371,5.192371,3.110354976000001,cmucssa
1464,6,3.5937323333333335,4.042178,4.042178,3.798690333333333,1.6943871666666668,cmucssa
1465,6,3.6125968333333334,6.174873,6.174873,6.174873,2.583451333333333,cmucssa
1466,13,2.8145055384615385,5.14314,5.14314,5.14314,2.4188793846153844,cmucssa
1467,14,3.4825682857142866,5.936787,5.247915,3.867616,2.653793428571429,cmucssa
1468,13,2.899674807692308,1.14178,1.14178,0.93997275,2.755063615384615,cmucssa
1470,5,2.644301,3.525658,3.525658,2.5904935,1.6081036000000002,cmucssa
1471,13,2.2553761230769234,5.133173,5.133173,3.0039652500000003,1.7932276230769233,cmucssa
1472,10,3.4182749,5.936787,5.936787,3.5703575,2.7042034,cmucssa
1473,11,3.9037935454545463,7.578407,7.578407,4.4914555,3.0871652727272734,cmucssa
1475,5,3.4394024,4.042178,4.042178,3.5153445,2.0332646,cmucssa
1476,4,3.302425825,6.527233,4.15507,3.0117127666666668,1.04364125,cmucssa
1477,19,3.021970442105263,2.529841,3.232026666666666,2.8421220666666667,2.1244582105263157,cmucssa
1478,11,4.286731454545454,5.432631,6.1099305,4.70586225,2.575508818181818,cmucssa
1479,11,3.5672562090909086,9.064647,9.064647,7.0543195,2.2846526636363635,cmucssa
1480,13,3.501413623076923,5.359173,5.359173,4.88295,1.623355930769231,cmucssa
1482,6,3.5937323333333335,4.042178,4.042178,3.798690333333333,1.6943871666666668,cmucssa
1483,12,3.5460701,5.083325,5.083325,5.083325,3.1224596833333336,cmucssa
1484,14,3.3440872,5.09675,6.033367500000001,6.033367500000001,2.4821775571428573,cmucssa
1486,11,2.0933728454545455,3.525658,3.6915050000000003,2.391066,1.2238943,cmucssa
1488,8,4.593857375,2.841727,2.841727,4.71630825,2.23570325,cmucssa
1491,10,3.4182749,5.936787,5.936787,3.5703575,2.7042034,cmucssa
1492,15,2.950782706666666,3.731112,3.731112,2.0299895,2.680117439999999,cmucssa
1494,4,3.95960825,5.086679,5.086679,5.086679,2.6879385,cmucssa
1499,5,3.4394024,4.042178,4.042178,3.5153445,2.0332646,cmucssa
1500,10,4.8257144,4.876083,5.999112,5.7173490000000005,0.8235701000000001,cmucssa
1501,6,3.047705,3.976529,3.976529,2.7513183333333333,1.6720458333333335,cmucssa
1502,10,2.44913001,4.836417,4.836417,2.78440535,1.89224894,cmucssa
1503,6,2.6472329833333332,4.751098,4.751098,2.75452295,1.7290586666666667,cmucssa
1504,6,3.6537991500000007,6.527233,6.3469615,6.3469615,1.5381453166666665,cmucssa
1507,6,3.5937323333333335,4.042178,4.042178,3.798690333333333,1.6943871666666668,cmucssa
1508,6,3.5937323333333335,4.260033,4.260033,3.914026,0.9843816666666667,cmucssa
1509,21,4.011162928571428,2.894396,2.894396,4.110362,3.619699880952381,cmucssa
1510,11,2.912507536363636,4.267184,4.741245,4.741245,2.050462990909091,cmucssa
1511,11,3.881364181818182,3.881699,5.6405815,4.932451333333333,2.536150181818182,cmucssa
1512,6,3.6976861666666667,4.023911,4.023911,4.023911,3.027034333333333,cmucssa
1513,3,4.041837999999999,5.50559,5.50559,5.50559,2.2066413333333332,cmucssa
1514,4,4.408748999999999,7.466767,7.466767,7.466767,2.54205725,cmucssa
1517,3,4.972246666666667,4.642827,4.642827,4.642827,3.424637666666667,cmucssa
1518,7,3.857009285714286,5.50422,5.50422,3.6860218333333337,2.277285642857143,cmucssa
1519,10,2.6909751299999995,4.607272,4.607272,4.4875475,1.7934656299999996,cmucssa
1520,16,3.23917220625,3.861233,5.5317805,4.80070775,2.03899526875,cmucssa
1521,12,3.0393475416666664,5.114603,4.940886,4.940886,2.2158665416666667,cmucssa
1522,27,4.139174407407408,5.437181,5.437181,5.437181,3.9377973333333336,cmucssa
1525,8,2.8183881625000002,4.462133,4.462133,2.8330305,2.1101305375,cmucssa
1526,17,3.2056479705882346,4.053444,4.053444,4.053444,2.967210088235294,cmucssa
1527,19,3.0183967315789477,5.183459,5.323465666666666,3.1250549333333333,2.0315372789473685,cmucssa
1528,11,3.085470127272727,6.711291,6.711291,6.711291,2.475352763636364,cmucssa
1530,7,4.8345328571428565,5.648571,5.648571,5.648571,4.027594142857143,cmucssa
1532,5,4.414388199999999,4.495176,4.495176,4.8840115,2.4607836,cmucssa
1534,10,4.2430068599999995,5.775359,5.775359,5.388205,3.16536586,cmucssa
1535,12,4.219513633333333,6.272097,6.272097,6.272097,3.696838883333333,cmucssa
1537,5,4.4470876,7.60541,7.60541,7.60541,2.9260056,cmucssa
1538,11,2.7482122181818185,1.672098,1.672098,1.672098,2.59620330909091,cmucssa
1539,19,3.370311052631579,4.984299,4.984299,5.240005333333333,2.542941789473684,cmucssa
1540,6,4.175248166666667,6.910512,6.910512,6.910512,3.0234961666666673,cmucssa
1542,11,3.6965404909090918,6.258925,6.258925,6.258925,3.1275473090909087,cmucssa
1543,11,3.6965404909090918,6.258925,6.258925,6.258925,3.1275473090909087,cmucssa
1544,6,3.0866831683333333,6.215111,6.215111,3.5961290000000004,1.8879735016666668,cmucssa
1545,12,4.421165583333333,3.559633,3.559633,2.4622504999999997,4.0107905,cmucssa
1546,24,3.003917529166667,4.964067,5.1287895,4.5783499999999995,2.4316237791666664,cmucssa
1547,13,3.053173976923077,5.614219,5.499096,3.835449166666667,2.168070323076923,cmucssa
1550,6,3.7883428333333335,3.215541,3.215541,3.215541,3.252419333333334,cmucssa
1555,7,4.280526,5.185153,5.185153,4.3084945,3.049527571428572,cmucssa
1556,18,3.4750292000000003,7.330445,7.330445,4.3913065,2.9871062555555556,cmucssa
1558,5,4.9416134,6.910512,6.910512,6.910512,3.5595109999999996,cmucssa
1559,16,2.793622825625,6.696129,6.696129,2.6186099333333335,2.302633463125,cmucssa
1562,11,2.886996936363636,5.359092,5.359092,5.359092,2.3998067545454544,cmucssa
1564,24,2.8925148333333337,5.222569,5.222569,3.544241,2.5971614166666668,cmucssa
1565,12,3.3525668916666667,5.881103,5.881103,3.4161327000000004,2.783211441666667,cmucssa
1569,5,3.8216790000000005,3.61606,3.61606,3.2188113333333335,1.8903922000000002,cmucssa
1570,15,3.075974133333333,4.556144,4.556144,4.608502,2.4615072000000002,cmucssa
1572,6,4.493662833333333,6.435623,6.435623,6.435623,3.4210589999999996,cmucssa
1573,7,4.037126285714286,4.836212,4.836212,4.241310333333334,2.2194218571428572,cmucssa
1576,2,4.2200500000000005,5.804013,5.804013,5.804013,1.3180435,cmucssa
1577,10,3.7264675899999995,3.952648,3.952648,3.65381,2.63032459,cmucssa
1580,15,3.736051279999999,7.705169,7.705169,4.2761471,3.1658983333333337,cmucssa
1582,13,4.249251753846154,8.546035,6.94757,5.087722500000001,1.9010721384615388,cmucssa
1584,6,2.6815750166666668,5.72283,5.72283,3.4088785,1.5452821833333334,cmucssa
1587,6,3.657769416666667,7.471323,7.471323,5.9452885,1.6760065833333335,cmucssa
1589,17,3.287934764705882,4.593703,4.593703,3.029511,2.9315217058823526,cmucssa
1592,14,2.866941528571428,3.833292,3.833292,2.4590268,2.340007214285714,cmucssa
1593,15,2.8617597266666666,6.942991,6.942991,4.020629,1.789591993333333,cmucssa
1594,13,4.028844676923077,5.034184,5.034184,4.5201532,0.899507846153846,cmucssa
1595,11,3.6165705,6.986233,6.986233,6.986233,2.981458409090909,cmucssa
1601,6,3.3476420000000005,4.779917,4.779917,4.6850715,1.7859515000000001,cmucssa
1602,3,4.562686666666667,6.100998,6.100998,6.100998,2.5290206666666664,cmucssa
1603,8,4.65256875,3.699992,5.715139499999999,5.324108666666667,2.6560279999999996,cmucssa
1604,5,4.726266600000001,3.699992,5.715139499999999,5.715139499999999,2.4402108,cmucssa
1608,13,3.0170304615384613,4.557419,4.557419,4.557419,2.666459769230769,cmucssa
1611,22,3.5956480636363635,5.415995,5.415995,5.415995,3.349466472727272,cmucssa
1620,8,4.05842475,6.237377,6.237377,6.237377,3.278752625,cmucssa
1621,19,3.902865210526315,4.213874,4.213874,4.213874,3.6810823684210514,cmucssa
1624,5,4.1712104,6.258925,6.258925,6.258925,2.9194254,cmucssa
1626,8,3.3507357625,4.442099,5.646648,5.340051666666667,1.3482163875,cmucssa
1627,8,3.3507357625,4.442099,5.646648,5.340051666666667,1.3482163875,cmucssa
1628,17,2.9277748882352945,4.881539,3.4350175,2.6234547,2.310491429411765,cmucssa
1630,11,3.184594518181818,3.886206,3.886206,3.9311945,2.469831881818182,cmucssa
1631,8,3.4473680000000004,5.550694,5.550694,3.2321903333333335,2.235296625,cmucssa
1632,14,3.648515778571429,6.236118,6.236118,6.236118,3.2030787785714283,cmucssa
1633,4,3.87552375,5.649648,5.649648,5.649648,2.46311175,cmucssa
1634,5,4.804157399999999,5.012733,5.012733,4.4801009999999994,3.012117,cmucssa
1635,6,4.514093999999999,6.182658,6.182658,5.7667090000000005,2.5918576666666664,cmucssa
1636,29,3.471905765517241,4.836212,6.2819175000000005,6.555624000000001,2.793737765517241,cmucssa
1637,12,3.9619549166666665,7.225348,7.225348,6.1880535000000005,2.9306126666666668,cmucssa
1638,7,3.8194977142857143,4.837753,4.837753,5.20056,2.3336234285714283,cmucssa
1644,4,5.203538,6.910512,6.154863499999999,6.154863499999999,2.12610625,cmucssa
1645,3,4.574798666666667,6.505155,6.505155,4.193791,1.7789380000000001,cmucssa
1646,7,3.665549757142857,3.563109,4.8437265,4.631720333333333,1.6805267571428573,cmucssa
1648,12,3.565384616666666,6.928241,5.287508,4.552045333333333,2.4273732833333335,cmucssa
1652,27,3.8375205111111113,6.910512,6.910512,6.910512,3.5815756222222217,cmucssa
1655,4,4.8767505,4.836212,4.836212,5.9935860000000005,1.8799575,cmucssa
1658,6,4.415660616666667,6.910512,6.910512,6.910512,3.263908616666667,cmucssa
1659,7,3.0289761714285715,6.910512,6.910512,3.8015838,1.9428093714285717,cmucssa
1661,9,3.587196333333333,6.239365,6.239365,3.9416685,2.71127,cmucssa
1663,7,4.632839,4.958834,4.958834,5.328134,3.1105150000000004,cmucssa
1664,6,3.653926616666667,6.910512,6.910512,6.910512,2.5021746166666667,cmucssa
1667,8,3.7942835,4.099367,4.099367,4.878883500000001,2.574562625,cmucssa
1668,18,3.082642666666666,4.872859,4.872859,3.761131,2.664739222222222,cmucssa
1671,8,4.50920625,6.795056,6.795056,5.7421535,3.073667875,cmucssa
1679,21,3.2660871047619047,6.910512,6.910512,6.910512,2.9370151047619046,cmucssa
1680,8,5.350732874999999,5.589065,5.589065,5.5534485,3.96237075,cmucssa
1682,12,3.5222846750000003,5.901578,5.901578,4.126701333333333,2.4906093416666666,cmucssa
1684,33,3.2226573939393943,4.835726,4.835726,4.835726,3.0761202424242438,cmucssa
1685,12,3.2364761749999995,5.625957,5.625957,5.625957,2.7676464249999992,cmucssa
1686,16,3.84754403125,4.836212,4.836212,5.9935860000000005,3.0983457812500004,cmucssa
1688,13,3.8312466461538466,5.455238,5.455238,5.455238,3.411612953846154,cmucssa
1689,7,4.162229142857144,5.886802,5.886802,4.162229142857144,0.0,cmucssa
1690,5,4.450197800000001,5.969209,5.969209,5.743520500000001,2.1527896,cmucssa
1692,6,4.013451000000001,7.393085,7.393085,7.393085,2.781270166666667,cmucssa
1693,7,3.347407428571429,4.551347,4.551347,3.6320145,2.3096889999999997,cmucssa
1694,9,3.860643533333333,5.022952,5.022952,2.9992494,3.194143666666667,cmucssa
1695,12,2.6823081091666663,4.828659,4.4256934999999995,4.4256934999999995,1.9446925258333334,cmucssa
1698,5,3.6069472000000005,3.747647,3.747647,4.404500666666667,0.9642468000000001,cmucssa
1699,10,2.7297402799999997,3.334486,3.334486,3.4293240000000003,2.0438754799999996,cmucssa
1702,3,3.539355666666667,4.512905,4.512905,4.512905,2.035054,cmucssa
1703,10,3.6931172999999995,3.655953,3.439602,3.384265333333333,1.6625580999999996,cmucssa
1705,11,3.5527421909090915,3.197179,3.197179,3.197179,3.2620895545454545,cmucssa
1707,25,3.2700502320000004,2.603781,2.603781,3.3772005,2.9998741919999996,cmucssa
1708,5,3.45864622,6.683893,6.683893,3.075758366666667,1.6131912,cmucssa
1712,5,5.157787000000001,4.836212,4.836212,4.836212,4.1905446,cmucssa
1714,4,4.836229250000001,5.688997,5.688997,5.8454625,1.913498,cmucssa
1715,23,3.413670330434783,5.384851,5.384851,4.364378,3.0341592,cmucssa
1716,6,3.2783416666666665,3.989332,3.989332,3.989332,2.613453,cmucssa
1717,13,2.7509210000000004,4.888851,4.888851,4.888851,2.374855538461539,cmucssa
1718,30,3.0049512399999996,5.005751,5.005751,5.005751,2.838092873333333,cmucssa
1719,10,3.21048131,3.563109,3.563109,3.4910585249999997,1.8140579000000003,cmucssa
1720,13,3.4492903076923076,6.025938,6.025938,6.025938,2.9857566153846156,cmucssa
1723,9,4.125372288888889,5.890665,5.890665,5.7042485,2.8577615111111117,cmucssa
1728,12,3.156070733333333,5.68331,5.68331,3.846307,2.515019566666666,cmucssa
1731,11,3.4392471818181813,6.934647,6.934647,3.9426198333333335,1.2887272727272727,cmucssa
1733,14,3.5001730071428576,3.563109,5.468263666666666,4.467652683333333,1.5854647142857143,cmucssa
1734,9,4.041795044444445,6.258925,6.185034999999999,4.5146783333333325,2.536902266666667,cmucssa
1737,9,3.4005151999999996,6.215405,6.215405,6.215405,2.709914644444444,cmucssa
1738,24,3.099086625,5.089428,5.1651834999999995,3.7305879999999996,2.477321958333334,cmucssa
1739,14,3.609395214285714,6.264979,6.252079500000001,3.8132393750000007,1.4304012857142858,cmucssa
1740,12,3.5074743416666667,3.820692,4.732858,4.732858,2.718664675,cmucssa
1747,32,3.1342731,5.793428,5.793428,5.668948,2.77996385,cmucssa
1748,32,3.1342731,5.793428,5.793428,5.668948,2.77996385,cmucssa
1749,7,4.707822999999999,2.772477,4.523474,4.858710666666667,2.6255184285714286,cmucssa
1750,32,3.1342731,5.793428,5.793428,5.668948,2.77996385,cmucssa
1751,12,3.411763875,4.340703,4.340703,4.340703,3.0500386249999996,cmucssa
1752,9,3.617398333333334,3.563109,3.563109,4.366011333333333,2.1620612222222224,cmucssa
1754,9,3.4348506555555556,4.821919,4.619372,4.619372,2.4083235444444444,cmucssa
1755,7,3.065645,4.319865,4.319865,4.090488333333333,1.3125785714285716,cmucssa
1757,3,5.137327333333333,7.763662,7.763662,7.763662,2.54944,cmucssa
1758,3,4.5456639999999995,6.930725,6.930725,5.314788,1.002472,cmucssa
1761,6,4.0228712333333325,5.550694,5.550694,5.550694,3.0977555666666663,cmucssa
1763,15,3.6359539333333335,4.826491,4.826491,3.0265225,3.2324176000000002,cmucssa
1765,5,3.3144839999999993,7.042348,7.042348,4.401304,1.5539624,cmucssa
1766,20,3.7699600600000003,6.91601,6.91601,6.0333845,3.1666216099999995,cmucssa
1769,12,3.5315258333333337,2.679652,3.299424,3.9141048000000005,1.9006488333333333,cmucssa
1772,17,3.159436558823529,4.512905,4.512905,4.0147829999999995,2.6871091470588233,cmucssa
1775,6,3.668728983333333,5.512905,5.512905,4.981001999999999,1.1782279833333333,cmucssa
1781,5,4.2043392,6.522021,6.522021,6.522021,2.899935,cmucssa
1783,13,3.679173523076923,3.685662,4.0512435,2.9761154666666667,2.9923776461538463,cmucssa
1784,5,4.0340442,5.641469,5.641469,5.641469,2.9057504,cmucssa
1787,4,2.9755001750000005,4.836212,4.836212,4.836212,1.766447175,cmucssa
1789,6,4.757777000000001,4.836212,6.336719,5.337928333333334,2.0888128333333333,cmucssa
1796,18,3.9256911222222217,4.836212,4.836212,3.721435727272727,1.6514803999999998,cmucssa
1797,12,4.012023999999999,3.238747,3.238747,4.402191,2.9114762499999998,cmucssa
1798,12,3.3492989583333332,3.238747,3.238747,4.402191,2.2487512083333336,cmucssa
1799,17,3.612983423529411,3.238747,3.238747,4.402191,2.836126188235294,cmucssa
1800,23,3.721994260434782,3.942154,4.4275225,3.507136033333333,2.807089208260869,cmucssa
1802,40,3.2518884100000003,5.060042,5.060042,2.396847,3.072124885,cmucssa
1804,12,4.759374791666667,5.258593,5.258593,5.4750095000000005,2.9343716250000007,cmucssa
1805,17,3.323301794117647,7.55146,7.55146,7.0846245,2.4898165588235295,cmucssa
1807,13,4.332864461538462,5.550694,5.550694,5.550694,3.905888,cmucssa
1810,7,3.560797285714286,5.550694,5.550694,5.550694,2.7678409999999998,cmucssa
1813,11,4.535321363636363,5.584603,5.584603,3.4328995000000004,3.9111578181818176,cmucssa
1814,23,3.6788122782608697,4.263448,4.130307666666667,3.940801166666667,2.650777191304348,cmucssa
1815,10,3.0008628699999997,5.688997,5.688997,4.9949315,2.0018765700000003,cmucssa
1816,9,4.0788302000000005,5.550694,5.550694,5.550694,3.4620864222222223,cmucssa
1817,11,3.227959090909091,4.40721,4.40721,2.6629406666666666,2.5017025454545454,cmucssa
1818,10,3.7011118000000005,7.564995,7.564995,5.2127680000000005,2.1372814,cmucssa
1820,20,4.496577425,5.450413,5.450413,5.450413,4.224056774999999,cmucssa
1822,6,4.659232666666667,5.170496,5.170496,5.170496,3.7974833333333335,cmucssa
1824,11,4.0364182,6.351456,6.351456,6.351456,3.4590131090909093,cmucssa
1826,10,4.083485100000001,6.735521,6.025561,6.025561,2.8783729,cmucssa
1827,13,3.466315546153846,3.655953,4.6463165,5.20307025,1.8653708538461542,cmucssa
1829,5,3.1863415999999996,3.514719,3.514719,2.435259,2.212238,cmucssa
1832,7,3.1295041428571433,6.137432,6.137432,3.5743565000000004,2.1082594285714285,cmucssa
1833,10,3.3795111999999996,4.772542,4.772542,6.509371,2.077637,cmucssa
1834,12,3.7362808333333333,7.751954,5.9940315,5.9940315,2.7372755833333335,cmucssa
1835,8,3.870466625,5.255599,5.255599,5.255599,3.21351675,cmucssa
1837,10,3.610086,7.102918,7.102918,4.291066,2.7518728,cmucssa
1839,15,3.1519344000000005,6.497606,6.497606,6.497606,2.7187606666666673,cmucssa
1840,9,3.6620004444444447,4.772542,4.772542,6.509371,2.2154735555555556,cmucssa
1841,5,4.868914,10.16642,10.16642,5.3342885,0.6014832,cmucssa
1844,9,3.7455620000000005,6.911184,6.911184,6.911184,2.9776526666666667,cmucssa
1845,7,4.813909857142856,4.772542,4.772542,6.509371,2.9540895714285713,cmucssa
1849,16,3.02264411875,4.496672,4.496672,4.2169665,2.4955233062500004,cmucssa
1850,7,4.065048,3.774104,3.774104,4.394353,2.181753857142857,cmucssa
1851,21,2.8303783047619056,3.474481,3.474481,3.474481,2.6649268285714287,cmucssa
1852,4,4.7977877499999995,4.772542,4.772542,6.509371,1.54310225,cmucssa
1853,16,3.39361093125,3.90725,3.90725,3.715706,2.9291476812500004,cmucssa
1854,4,4.33991025,5.478143,5.478143,5.478143,2.9703745,cmucssa
1858,11,3.9379646363636356,4.228883,4.228883,2.9489083333333332,3.133716909090909,cmucssa
1863,8,3.641829637499999,5.673716,5.673716,5.673716,2.932615137499999,cmucssa
1865,19,3.537349294736843,5.550694,5.550694,5.550694,3.2452075052631577,cmucssa
1866,6,4.601176,5.637844,5.357169000000001,4.9160495,1.3238096666666668,cmucssa
1867,3,5.493007333333334,6.244826,6.244826,5.420589,1.8792813333333334,cmucssa
1870,19,2.8860793157894733,4.390639,5.22495,3.6240163,1.9323908157894734,cmucssa
1874,14,3.92778745,4.550654,4.550654,4.3295422299999995,0.8352572857142856,cmucssa
1875,14,3.704586271428572,5.035784,5.035784,5.933748333333333,2.4330687714285717,cmucssa
1876,6,3.8026877666666663,6.901721,6.901721,6.901721,2.652400933333333,cmucssa
1877,25,3.25575648,4.00363,2.4032018500000003,2.8570532333333336,2.912910092,cmucssa
1880,15,2.77562006,3.142399,3.120494,2.3578322999999997,2.3040536000000005,cmucssa
1882,12,3.3800868583333337,6.874934,6.874934,6.874934,2.8071756916666666,cmucssa
1883,9,3.3472459888888886,5.242066,5.242066,5.319067,2.1652311,cmucssa
1884,5,3.435324,8.677697,8.677697,8.677697,1.6997845999999999,cmucssa
1885,9,3.623755888888889,7.545484,7.545484,5.8403985,2.3258895555555554,cmucssa
1886,21,4.139587714285715,3.075613,4.9369245,3.9012339999999996,3.3964955238095236,cmucssa
1887,14,2.980255792857143,6.100998,6.100998,5.0569325,2.2578368642857147,cmucssa
1888,5,3.4656261600000002,4.369246,5.058161500000001,3.6956616000000007,1.2482292000000001,cmucssa
1889,15,2.77562006,3.142399,3.120494,2.3578322999999997,2.3040536000000005,cmucssa
1890,15,2.77562006,3.142399,3.120494,2.3578322999999997,2.3040536000000005,cmucssa
1891,15,2.77562006,3.142399,3.120494,2.3578322999999997,2.3040536000000005,cmucssa
1892,7,3.8957554285714275,6.223718,6.223718,3.60331,2.8662382857142856,cmucssa
1893,5,4.7175108,6.326893,6.326893,5.7099885,2.4335154,cmucssa
1894,12,4.178060316666667,5.79179,5.79179,5.79179,3.69541115,cmucssa
1895,15,4.133502913333333,2.653568,5.5119489999999995,3.88317925,3.0979884466666667,cmucssa
1897,15,2.77562006,3.142399,3.120494,2.3578322999999997,2.3040536000000005,cmucssa
1898,15,2.77562006,3.142399,3.120494,2.3578322999999997,2.3040536000000005,cmucssa
1899,15,2.77562006,3.535944,3.20147275,2.6665360750000002,0.6423912,cmucssa
1900,15,2.77562006,3.142399,3.120494,2.3578322999999997,2.3040536000000005,cmucssa
1901,6,4.032119,4.972168,4.972168,4.972168,3.203424333333333,cmucssa
1902,25,3.6894639440000003,3.479645,3.479645,2.94373675,3.2184660640000002,cmucssa
1903,15,2.77562006,3.142399,3.120494,2.3578322999999997,2.3040536000000005,cmucssa
1904,15,2.77562006,3.142399,3.120494,2.3578322999999997,2.3040536000000005,cmucssa
1905,17,2.844567729411765,4.502046,4.535299999999999,4.535299999999999,2.311003023529412,cmucssa
1906,14,3.816806285714286,3.479645,3.479645,2.8634045,2.998690714285715,cmucssa
1907,6,4.377281783333333,4.095774,4.095774,5.2375895,0.88555545,cmucssa
1909,20,3.53839325,3.479645,3.479645,2.8634045,2.96571235,cmucssa
1910,7,3.424728257142857,5.689735,5.689735,4.045909249999999,1.1127801142857143,cmucssa
1911,9,3.8814664222222226,4.455366,4.455366,4.709229,2.834971088888889,cmucssa
