SentenceID,NumberOfWords,AverageSurprisalWithPunct,SurprisalOfTranslationOfFirstCodeSwitchedWord,AverageSurprisalOfTranslationOfSwitchPointWords,AverageSurprisalOfTranslationOfCodeSwitchedWordsWithPunct,AverageSurprisalOfNonCodeSwitchedWordsWithPunct,CorpusName
0,9,3.103045744,3.556999,3.556999,3.556999,2.707823633,psucssa
1,38,3.502991182,4.360399,4.360399,4.360399,3.388243839,psucssa
2,5,4.1457866,5.651466,5.651466,5.651466,3.0154934,psucssa
4,7,4.143537714,6.187607,6.187607,6.187607,3.259593857,psucssa
5,6,4.446097733,3.781715,3.781715,3.7996968,2.546249333,psucssa
6,6,4.446097733,3.781715,3.781715,3.7996968,2.546249333,psucssa
11,14,3.846308007,5.386065,4.4169105,4.504371,2.88108565,psucssa
12,18,3.05858695,6.743435,6.743435,6.743435,2.683951672,psucssa
14,6,4.886925,5.194147,5.3773695,5.3773695,3.0944685,psucssa
17,30,3.495190847,6.100998,6.100998,4.314361875,2.344694347,psucssa
19,14,3.846308007,5.386065,4.4169105,4.504371,2.88108565,psucssa
20,4,3.548876825,4.683601,4.683601,2.670400433,1.5460765,psucssa
21,17,3.5886514,3.913224,3.913224,2.5129405,3.293011341,psucssa
22,6,3.528891583,2.126294,2.126294,3.8177785,2.25629875,psucssa
24,4,3.6773945,4.910845,4.910845,3.3650315,1.99487875,psucssa
25,8,3.745274862,4.495176,4.495176,3.693258967,2.36030275,psucssa
26,10,2.43049334,6.258925,6.258925,6.258925,1.80460084,psucssa
27,4,4.0669115,4.968927,4.968927,4.1910155,1.97140375,psucssa
28,6,5.160955167,7.604423,7.604423,6.279022667,2.021443833,psucssa
29,7,4.250028743,3.794274,3.794274,3.794274,3.7079896,psucssa
31,7,4.143537714,6.187607,6.187607,6.187607,3.259593857,psucssa
32,5,5.2063106,7.604423,7.604423,6.951445,2.4257326,psucssa
33,6,5.160955167,7.604423,7.604423,6.279022667,2.021443833,psucssa
36,6,3.481458833,4.120953,4.120953,4.120953,2.794633333,psucssa
37,14,3.846308007,5.386065,4.4169105,4.504371,2.88108565,psucssa
38,8,3.7460515,5.001022,5.001022,5.001022,3.12092375,psucssa
39,18,2.408519683,6.003726,6.003726,6.003726,2.07497935,psucssa
40,12,3.201378142,4.782952,4.782952,4.100494,2.517962475,psucssa
41,29,3.240875983,5.896154,6.0353855,3.8712466,2.573419672,psucssa
43,7,4.427452571,7.012242,7.012242,4.741848,2.395232,psucssa
45,8,4.29240615,6.613907,6.613907,6.613907,3.465667775,psucssa
47,7,4.366476,6.46239,6.46239,6.46239,3.443277429,psucssa
48,16,3.124550919,5.305063,5.305063,3.064916667,2.549879044,psucssa
49,10,2.70771665,2.913393,2.913393,1.6148315,2.38475035,psucssa
50,3,3.971953667,4.642157,4.642157,4.642157,2.424568,psucssa
51,11,3.053438018,2.846311,2.846311,1.87994725,2.711629427,psucssa
53,11,4.692604827,7.128982,6.292604,5.856773,3.0953031,psucssa
54,8,3.354826,5.313958,5.313958,3.262454,1.31579225,psucssa
56,8,3.354826,5.313958,5.313958,3.262454,1.31579225,psucssa
58,9,4.738333,6.100998,6.100998,5.250595333,1.237936111,psucssa
59,12,3.008641692,3.243527,3.243527,3.243527,2.738347775,psucssa
61,12,3.568677075,4.376752,4.376752,4.376752,3.203947742,psucssa
62,8,3.256283913,4.550694,4.550694,5.4328065,1.898082287,psucssa
63,6,3.901826667,4.055674,4.055674,2.7714535,2.978008833,psucssa
65,7,3.094743814,5.146537,5.146537,5.146537,2.359524243,psucssa
66,16,3.18733525,5.675975,5.675975,3.6101002,2.059178938,psucssa
67,7,4.201189986,7.234301,7.234301,4.375993633,2.325764143,psucssa
68,3,3.971953667,4.642157,4.642157,4.642157,2.424568,psucssa
69,11,3.053438018,2.846311,2.846311,1.87994725,2.711629427,psucssa
70,7,3.704131257,6.326181,6.326181,5.442208,2.149214686,psucssa
71,9,3.138670444,4.721739,4.721739,2.342365,2.357882111,psucssa
72,34,2.939732418,3.940942,3.940942,2.499292,2.792715241,psucssa
73,19,3.135735916,5.124951,5.124951,4.797286333,2.378269653,psucssa
74,7,4.201189986,7.234301,7.234301,4.375993633,2.325764143,psucssa
75,4,2.55675815,4.294359,4.294359,2.5037792,0.67892375,psucssa
76,11,3.053438018,2.846311,2.846311,1.87994725,2.711629427,psucssa
77,12,3.324421833,5.120634,5.120634,5.563008667,1.933669667,psucssa
78,13,3.568397862,3.459267,3.459267,4.39747275,2.215329323,psucssa
80,8,3.92112785,1.903363,1.903363,2.4487472,2.69675425,psucssa
81,17,3.047837706,4.193159,4.193159,3.094273429,1.773725118,psucssa
82,3,4.214724667,6.165354,6.165354,4.4519785,1.246739,psucssa
83,7,3.699547357,3.951605,4.981923,3.6460505,2.136954286,psucssa
85,9,3.357195544,2.608369,2.608369,2.608369,3.067376767,psucssa
88,14,3.337906629,7.390783,7.390783,4.24154,2.731972343,psucssa
89,14,3.4565698,4.590767,5.760533,5.760533,2.633636514,psucssa
91,24,3.312504813,5.073573,5.154783,3.57373592,2.567976496,psucssa
92,31,3.318167958,4.586547,5.2801695,4.575765,2.727746668,psucssa
93,24,3.312504813,5.073573,5.154783,3.57373592,2.567976496,psucssa
94,31,3.318167958,4.586547,5.2801695,4.575765,2.727746668,psucssa
95,6,3.10214395,3.413973,2.881977,2.651807425,1.334272333,psucssa
96,26,3.543301996,4.383111,4.383111,4.383111,3.374720804,psucssa
98,29,4.148919428,5.349935,5.3397945,4.484367082,1.520152517,psucssa
99,16,3.020834438,4.118209,4.118209,4.421552,2.468140438,psucssa
102,14,3.337906629,7.390783,7.390783,4.24154,2.731972343,psucssa
103,11,4.138502727,5.616393,6.4142395,4.8450448,1.936209636,psucssa
104,11,4.138502727,5.616393,6.4142395,4.8450448,1.936209636,psucssa
105,3,4.413577333,5.512905,5.512905,5.512905,2.575942333,psucssa
106,6,5.058968333,6.583177,6.583177,6.583177,3.961772167,psucssa
109,15,3.723284753,7.835846,7.835846,7.835846,3.20089502,psucssa
110,8,4.40777525,4.769732,4.769732,3.92448075,2.445534875,psucssa
111,20,2.624630582,5.779892,5.779892,2.886694,2.191626481,psucssa
112,3,4.388361,5.469526,5.469526,5.075359,1.004788333,psucssa
113,13,3.362980346,2.585954,2.585954,2.9909116,2.212629731,psucssa
114,17,2.449350643,4.724356,4.6615275,3.168201,1.517526819,psucssa
117,24,3.310188196,4.652567,4.652567,5.810697,2.825963446,psucssa
118,24,3.310188196,4.652567,4.652567,5.810697,2.825963446,psucssa
119,13,3.248925431,4.583487,4.583487,4.5199635,2.553546431,psucssa
121,16,3.693490756,4.778935,3.710318,4.793098,2.794784881,psucssa
122,18,3.496746489,3.991114,3.991114,2.993971,2.997751322,psucssa
123,6,3.75136785,5.027526,5.027526,5.0293395,2.07492135,psucssa
125,21,2.97198801,6.175722,5.332202,3.0460662,2.391784924,psucssa
130,11,3.917370182,4.776823,4.776823,4.776823,3.483113545,psucssa
131,14,4.051708407,4.437226,4.873438,4.23541822,2.539059043,psucssa
132,17,3.843074765,6.027914,6.027914,6.190803333,2.750580059,psucssa
133,15,3.260204713,5.305063,5.305063,4.052503,2.71987098,psucssa
134,5,4.7992884,7.253771,7.253771,4.843152,2.8620276,psucssa
138,19,3.651020105,4.652567,4.652567,5.810697,3.039367789,psucssa
140,4,4.6236905,4.652567,4.652567,5.810697,1.718342,psucssa
141,21,2.97198801,6.175722,5.332202,3.0460662,2.391784924,psucssa
142,21,2.97198801,6.175722,5.332202,3.0460662,2.391784924,psucssa
143,10,2.980402506,5.637844,5.637844,2.26882952,2.29975365,psucssa
146,14,3.551420521,5.886802,4.945716,3.714792333,2.755393593,psucssa
148,14,3.317348271,6.833535,6.833535,4.0976315,2.731972343,psucssa
149,4,2.705618675,2.891236,2.891236,2.891236,1.982809675,psucssa
151,7,3.289182843,6.258925,6.258925,6.258925,2.3950507,psucssa
152,7,5.380146143,3.578183,3.578183,5.688649,0.504161286,psucssa
154,7,1.989647843,4.404566,4.404566,3.424025,1.011354986,psucssa
156,5,4.9941054,4.323356,4.323356,5.403937667,1.7517428,psucssa
157,14,3.321755814,5.749864,5.749864,4.078151,2.739162814,psucssa
158,9,3.831828556,6.186459,6.186459,4.4649382,1.351307333,psucssa
160,34,3.048698003,3.848057,2.8817615,2.597718333,2.819487562,psucssa
161,22,3.389809905,5.414762,5.414762,4.7002884,2.321562541,psucssa
162,6,4.063300417,6.304888,6.304888,6.304888,3.01248575,psucssa
164,6,4.448777833,7.042348,7.042348,7.042348,3.275053167,psucssa
165,6,4.448777833,7.042348,7.042348,7.042348,3.275053167,psucssa
166,9,3.882305444,2.184703,2.184703,4.036932667,2.536661222,psucssa
169,22,3.287978009,7.023832,7.023832,5.6884855,2.770842964,psucssa
170,10,2.70617197,5.211875,5.211875,3.1693995,2.07229207,psucssa
172,7,4.338565571,4.086764,5.6702675,4.54723375,1.740146286,psucssa
174,18,3.910154228,5.659119,5.089966,5.089966,3.34460245,psucssa
175,7,3.698590286,7.042348,7.042348,7.042348,2.692540571,psucssa
176,7,3.6773396,4.579249,6.1032895,5.28351325,0.658189171,psucssa
177,13,3.928742515,6.067103,6.5503035,6.5503035,2.921003515,psucssa
179,14,3.865118986,4.860924,5.7959585,4.86130025,2.476176057,psucssa
183,27,3.326447641,3.600628,3.168643,2.939634,2.673195641,psucssa
184,27,3.326447641,3.600628,3.168643,2.939634,2.673195641,psucssa
186,9,3.960823222,2.791026,1.7430505,2.9843818,2.302833333,psucssa
188,14,3.238120214,2.737488,2.737488,2.83231,2.428888786,psucssa
189,9,3.960823222,2.791026,1.7430505,2.9843818,2.302833333,psucssa
190,13,3.125815831,2.530055,2.530055,3.4546645,2.062842138,psucssa
192,8,4.470543875,2.791026,2.791026,3.5567085,2.692189625,psucssa
193,12,3.534566925,5.742532,5.742532,5.742532,3.056022592,psucssa
195,5,5.3007346,5.230359,5.230359,5.6788915,3.029178,psucssa
196,11,3.508176636,4.129275,3.2923245,3.108233333,2.660476636,psucssa
197,9,4.038795444,5.612209,6.4330525,6.4330525,2.609228222,psucssa
199,8,4.470543875,2.791026,2.791026,3.5567085,2.692189625,psucssa
200,8,4.470543875,2.791026,2.791026,3.5567085,2.692189625,psucssa
201,8,4.470543875,2.791026,2.791026,3.5567085,2.692189625,psucssa
203,8,4.470543875,2.791026,2.791026,3.5567085,2.692189625,psucssa
204,8,4.470543875,2.791026,2.791026,3.5567085,2.692189625,psucssa
205,4,4.06610875,4.366563,4.366563,3.598825,2.26669625,psucssa
208,11,3.930067073,5.905314,5.905314,5.905314,3.393220345,psucssa
209,6,4.317867517,8.397801,8.397801,8.397801,2.918234017,psucssa
210,8,2.9318132,2.831261,2.831261,1.69776625,2.507371638,psucssa
211,22,3.199168473,7.042348,7.042348,7.042348,2.879061745,psucssa
212,34,3.249082124,7.919408,7.919408,7.919408,3.016158359,psucssa
213,17,3.230137541,8.173179,8.173179,8.173179,2.749362306,psucssa
214,12,3.887082583,8.122005,5.878266,3.6392865,2.673987083,psucssa
215,20,3.84142261,8.068028,8.068028,8.068028,3.43802121,psucssa
216,7,4.0112745,7.042348,7.042348,7.042348,3.005224786,psucssa
218,14,3.563808593,7.042348,7.042348,7.042348,3.060783736,psucssa
219,17,2.922613141,3.136046,4.259109,2.9968775,1.864891671,psucssa
220,9,3.565523333,7.042348,7.042348,7.042348,2.783040222,psucssa
221,8,3.172620975,8.122066,8.122066,8.122066,2.157362725,psucssa
222,18,3.273603944,7.042348,7.042348,7.042348,2.882362389,psucssa
223,24,3.659488821,4.525074,4.525074,5.6734146,2.477527446,psucssa
224,17,3.234630194,8.16631,8.16631,8.16631,2.754259018,psucssa
225,25,2.969918744,7.892808,7.892808,7.892808,2.654206424,psucssa
226,20,2.83929187,8.204341,8.204341,4.8200435,2.35728752,psucssa
227,16,3.209620313,7.042348,7.042348,7.042348,2.769473563,psucssa
229,9,3.575850333,7.144316,7.144316,7.144316,2.782037444,psucssa
230,7,3.3518371,6.100998,6.100998,5.2388865,1.855012386,psucssa
231,8,4.470543875,2.791026,2.791026,3.5567085,2.692189625,psucssa
232,8,4.470543875,2.791026,2.791026,3.5567085,2.692189625,psucssa
233,8,4.470543875,2.791026,2.791026,3.5567085,2.692189625,psucssa
234,8,4.470543875,2.791026,2.791026,3.5567085,2.692189625,psucssa
235,6,4.393250333,6.521814,6.521814,6.521814,3.306281333,psucssa
236,9,4.136339,5.341364,5.341364,5.09103,3.004999,psucssa
237,8,4.470543875,2.791026,2.791026,3.5567085,2.692189625,psucssa
238,8,4.470543875,2.791026,2.791026,3.5567085,2.692189625,psucssa
239,2,5.6575135,6.522281,6.522281,6.522281,2.396373,psucssa
240,5,4.3409486,2.715695,2.715695,4.3409486,0,psucssa
241,6,4.930034,5.685495,5.9890325,5.9890325,2.933689833,psucssa
242,6,4.930034,5.685495,5.9890325,5.9890325,2.933689833,psucssa
243,11,4.104018945,6.77676,6.77676,6.77676,3.487949855,psucssa
244,9,4.613255778,3.918144,4.822642,5.07729825,2.356678778,psucssa
245,10,3.93805316,5.162904,5.343389,3.975148667,2.74550856,psucssa
246,4,4.604427058,7.641098,7.641098,6.9697825,1.119535808,psucssa
247,5,4.3409486,2.715695,2.715695,4.3409486,0,psucssa
248,17,3.433909565,5.523874,5.523874,3.1819659,3.059560635,psucssa
250,7,4.415290571,6.558447,6.558447,6.558447,3.478369571,psucssa
251,16,3.305152813,5.743901,5.743901,3.4759405,2.87066025,psucssa
252,18,3.474879083,3.984201,4.479423,4.23580675,2.533588694,psucssa
253,27,3.444352915,4.394922,4.394922,4.394922,3.281578026,psucssa
254,12,3.197630933,3.318794,3.318794,2.2726275,2.818859683,psucssa
255,19,2.508528651,5.804013,5.145447,2.619832694,1.819098994,psucssa
256,8,3.928049125,4.919989,4.919989,4.896923,2.703818375,psucssa
257,22,2.925951364,3.995795,3.995795,3.995795,2.744324318,psucssa
258,19,3.631514026,4.776295,5.554362,5.554362,3.046844342,psucssa
259,10,3.7585678,4.204697,4.5245885,5.361645333,2.1500742,psucssa
260,16,2.8839113,3.7407,3.7407,5.254837,2.227056675,psucssa
261,25,3.087544708,2.743734,2.743734,4.756354,2.707036388,psucssa
262,19,3.352530563,3.819032,3.801077,3.9690661,1.263548405,psucssa
263,9,3.347274578,4.739743,4.739743,4.739743,2.820636467,psucssa
264,10,3.83872813,4.587765,4.587765,4.587765,3.37995163,psucssa
265,4,4.79119225,5.546258,5.546258,5.4927665,2.044809,psucssa
266,16,2.347690006,3.40857,3.40857,3.40857,2.134654381,psucssa
267,17,2.674714582,2.753064,2.753064,2.9176035,2.331467112,psucssa
268,17,3.086454712,5.424779,4.732963,3.911929557,1.475660188,psucssa
269,9,3.429649,5.047544,5.047544,5.047544,2.868810778,psucssa
270,16,3.424389813,4.814597,5.008141,4.714544,2.245753813,psucssa
271,16,3.1999612,5.271541,5.271541,5.271541,2.870489888,psucssa
272,7,3.038538,5.139338,5.139338,3.2870665,2.099376143,psucssa
273,8,3.469633062,5.772667,5.772667,5.772667,2.748049688,psucssa
274,8,3.223864125,4.674323,4.674323,3.403712333,1.947472,psucssa
275,5,3.6699638,7.042348,4.9966465,4.9966465,1.6713052,psucssa
276,9,3.325623744,5.298788,4.129019,3.60744234,1.321489111,psucssa
278,23,3.888754696,2.212276,2.212276,4.143609,3.348283957,psucssa
279,8,4.34334575,2.791026,2.791026,3.5567085,2.5649915,psucssa
280,7,4.383447,5.45426,5.713188667,5.713188667,1.934937571,psucssa
281,13,3.644866415,2.924527,2.924527,3.5872506,2.265154646,psucssa
282,9,4.136339,5.341364,5.341364,5.09103,3.004999,psucssa
284,6,4.429249133,0.7880858,0.7880858,3.657487267,2.6005055,psucssa
285,6,4.180289833,7.083674,7.083674,5.6775835,2.287762,psucssa
286,9,4.261012778,5.341364,5.341364,5.09103,3.129672778,psucssa
287,4,4.6828815,6.159597,6.159597,6.159597,3.14298225,psucssa
288,5,5.1870058,3.781715,3.781715,5.3287665,3.0554992,psucssa
290,11,2.6156989,4.512905,4.512905,3.0007875,2.070101173,psucssa
294,24,3.401546283,3.918144,3.949374,3.8956656,2.589949283,psucssa
296,5,5.0181706,4.094637,4.094637,5.7033765,2.73682,psucssa
298,24,3.782946958,4.967464,4.967464,5.8537325,3.295135917,psucssa
299,39,2.999677569,6.519889,6.519889,3.7022478,2.809818708,psucssa
300,12,3.652697333,6.100998,6.100998,5.741773667,2.217253917,psucssa
302,7,3.530385229,4.688188,4.688188,5.1945345,2.046232514,psucssa
303,2,4.005027,5.294359,5.294359,5.294359,1.3578475,psucssa
304,5,3.9382548,2.349645,2.349645,3.70011,2.4582108,psucssa
305,14,2.731654114,3.23301,3.23301,2.81930882,1.724758107,psucssa
306,17,3.013250324,6.154898,6.154898,3.8717005,2.557756147,psucssa
307,8,3.40727625,4.591347,4.591347,4.847074,1.5896235,psucssa
308,8,2.56300445,3.847012,3.847012,2.548716,1.92582545,psucssa
309,3,4.284847333,4.968927,4.968927,4.968927,2.628538333,psucssa
312,16,3.785115625,3.91402,3.91402,4.321348667,2.97486275,psucssa
313,13,3.026726346,4.652567,4.652567,5.203777667,1.825854577,psucssa
314,14,3.185897893,5.993355,5.993355,5.616905333,1.982275321,psucssa
315,9,2.976103889,7.008328,7.008328,7.008328,2.197400778,psucssa
316,3,3.913437,4.025279,4.025279,4.025279,2.571677333,psucssa
318,4,5.1075345,6.24491,6.24491,6.2722615,1.97140375,psucssa
319,5,3.899433,5.930875,5.930875,3.6815655,2.4268068,psucssa
320,9,3.201369433,2.913393,2.913393,2.913393,2.8776591,psucssa
322,6,3.7592925,4.282973,4.282973,3.62199,1.9482975,psucssa
324,6,4.510896333,6.056192,6.056192,4.083905,1.788293,psucssa
326,3,5.247341,4.728459,4.728459,4.607395,2.175744333,psucssa
327,3,5.115358333,5.413785,5.413785,4.950058,1.815319667,psucssa
329,7,3.169509571,6.798115,6.798115,6.798115,2.198350286,psucssa
330,27,3.287724922,6.910913,4.695216667,3.142188786,2.473083385,psucssa
332,10,3.1090603,2.901312,2.901312,2.901312,2.8189291,psucssa
333,13,3.316108077,5.161407,5.161407,4.321458,1.986428692,psucssa
336,8,3.417046038,6.653821,6.653821,3.79045565,2.469432125,psucssa
337,11,3.696064936,5.173761,5.173761,5.173761,3.225723027,psucssa
340,4,4.38273275,4.405628,4.405628,4.405628,3.28132575,psucssa
341,6,3.64318995,5.445959,5.520594,4.738348667,1.274015617,psucssa
342,8,3.918692125,6.427639,6.427639,4.194473333,2.345764625,psucssa
343,6,2.629929267,5.020988,5.020988,5.020988,1.793097933,psucssa
344,16,3.691579875,6.540022,6.540022,6.540022,3.2828285,psucssa
345,15,3.322096033,3.493844,3.493844,3.2311015,2.8912825,psucssa
348,13,3.816958308,5.478724,5.478724,4.336464667,2.816235692,psucssa
350,5,4.29031396,7.136234,7.136234,7.136234,2.86306716,psucssa
351,15,3.693072267,4.281587,4.281587,4.591504857,1.55037,psucssa
352,2,4.5047485,5.804013,5.804013,5.804013,1.602742,psucssa
353,19,3.687770295,6.677009,6.677009,3.80204965,3.287554542,psucssa
354,8,3.2767452,4.46754,4.46754,3.908018,1.81123845,psucssa
355,12,3.966355833,4.638225,4.638225,4.638225,3.579837083,psucssa
356,7,2.428932229,5.020988,5.020988,5.020988,1.711648229,psucssa
357,12,4.038546983,5.804013,5.988319,5.8023675,2.104424483,psucssa
358,19,3.757708716,7.413614,5.756043,5.63072275,2.5722934,psucssa
360,3,5.261259,6.522281,6.522281,5.4955155,1.597582,psucssa
361,26,3.395264485,7.265494,7.265494,6.416812,2.901663562,psucssa
362,8,3.623326575,5.691576,5.691576,5.604704,2.222150575,psucssa
363,8,3.2767452,4.46754,4.46754,3.908018,1.81123845,psucssa
366,3,5.219099,6.522281,6.522281,5.4322755,1.597582,psucssa
367,6,3.519809333,5.565155,5.565155,5.565155,2.5922835,psucssa
369,10,4.56868242,3.918144,3.918144,4.80442475,2.64691252,psucssa
370,5,4.6241224,4.938874,5.6987225,5.214613667,1.4953542,psucssa
372,7,4.241561286,2.7692,2.7692,3.7958085,3.157044571,psucssa
373,8,3.898428125,4.47856,4.47856,4.47856,3.338608125,psucssa
374,8,3.898428125,4.47856,4.47856,4.47856,3.338608125,psucssa
375,4,4.81596275,4.753237,4.753237,5.3598185,2.1360535,psucssa
379,5,4.7494982,6.41356,6.41356,3.887644,3.1944406,psucssa
380,9,4.033912578,3.261233,3.261233,1.8000258,3.633906844,psucssa
381,15,3.830170613,2.913393,2.913393,2.913393,3.635944413,psucssa
382,5,4.1422962,6.527233,6.527233,4.800067333,1.2622558,psucssa
383,7,4.699922857,3.699992,3.699992,3.9985495,3.557480143,psucssa
384,15,3.137650947,5.787686,5.787686,3.782599,2.633304413,psucssa
386,18,3.667597767,4.829365,3.516944,4.269092111,1.533051711,psucssa
388,6,2.778318983,5.551439,5.551439,5.551439,1.85307915,psucssa
389,8,3.67369275,5.249036,5.249036,4.807857667,1.870746125,psucssa
390,2,5.636246,7.042348,7.042348,5.636246,0,psucssa
391,30,3.291539003,5.728327,5.022166,3.04774215,2.885173383,psucssa
392,3,5.247341,4.728459,4.728459,4.607395,2.175744333,psucssa
393,3,5.115358333,5.413785,5.413785,4.950058,1.815319667,psucssa
394,16,3.554965419,5.068004,4.286498667,3.8950312,2.337768169,psucssa
395,4,3.62400925,7.881351,7.881351,5.156942,1.04553825,psucssa
396,13,4.107302154,3.34985,3.34985,3.7494406,2.665209615,psucssa
398,26,3.370388654,2.913393,2.913393,2.913393,3.258335077,psucssa
402,8,3.28210675,3.283139,3.283139,2.846385333,2.21471225,psucssa
403,14,3.239620543,1.664642,3.011362,2.64111972,2.2963635,psucssa
405,11,3.136586382,7.393037,7.393037,3.4794864,2.187635545,psucssa
406,11,3.3845055,4.880142,4.880142,3.366639,2.772389318,psucssa
407,21,3.604946571,3.662948,4.1516425,3.554400286,2.420146476,psucssa
408,17,3.556191135,4.039402,4.039402,3.930611,3.093766312,psucssa
409,3,5.247341,4.728459,4.728459,4.607395,2.175744333,psucssa
410,3,5.237281,5.413785,5.413785,5.132942,1.815319667,psucssa
412,6,4.066014833,7.15048,7.15048,5.709149,2.162965167,psucssa
413,11,3.587419636,6.326181,6.326181,4.379357,2.791172909,psucssa
415,4,4.6569805,4.932557,4.932557,3.8344435,2.73975875,psucssa
416,9,3.707902222,4.778432,4.778432,4.583708,2.689300444,psucssa
417,8,4.069446125,6.038308,6.038308,5.5590555,2.67968225,psucssa
418,21,3.318960081,5.673541,5.673541,4.5433225,2.8862627,psucssa
419,24,3.669645971,5.060607,5.060607,4.5112635,3.293707346,psucssa
420,4,3.231746,5.550694,5.550694,5.550694,1.8440725,psucssa
421,9,4.613255778,3.918144,4.822642,5.07729825,2.356678778,psucssa
422,8,3.6963645,4.117116,4.117116,4.117116,3.181725,psucssa
423,4,4.799192775,6.556632,6.556632,5.766529,1.915928275,psucssa
424,25,3.178787676,4.252982,5.003483,3.137886,2.676725916,psucssa
425,6,3.1893123,4.836212,4.836212,4.836212,2.383276967,psucssa
428,4,4.6984945,4.924175,4.924175,4.924175,3.46745075,psucssa
429,3,3.985714667,3.97076,3.97076,3.97076,2.662128,psucssa
433,6,5.228607333,3.618497,3.618497,5.34278875,1.666748167,psucssa
434,3,4.680638333,5.445959,5.445959,4.320452,1.800337,psucssa
435,32,3.474759562,6.249847,6.249847,5.667749,3.12052525,psucssa
436,9,4.372884222,4.061143,4.061143,5.150802,3.228261556,psucssa
437,7,3.923774614,4.520813,4.520813,4.520813,3.277944186,psucssa
442,10,4.5949356,3.918144,4.822642,5.102331,3.0642363,psucssa
444,14,3.821286214,3.570026,2.5573245,2.5573245,3.455954143,psucssa
446,14,3.834325971,5.949742,5.949742,5.990905333,2.550560543,psucssa
447,15,3.915089053,5.12253,5.12253,4.188055,3.35668172,psucssa
448,15,3.915089053,5.12253,5.12253,4.188055,3.35668172,psucssa
449,15,3.915089053,5.12253,5.12253,4.188055,3.35668172,psucssa
450,15,3.915089053,5.12253,5.12253,4.188055,3.35668172,psucssa
451,15,3.915089053,5.12253,5.12253,4.188055,3.35668172,psucssa
453,15,3.915089053,5.12253,5.12253,4.188055,3.35668172,psucssa
457,27,3.209470326,3.348191,3.348191,1.8032345,3.0758974,psucssa
458,9,3.120707833,7.029699,5.8096695,4.414821333,1.649100722,psucssa
460,7,2.371167086,5.004704,5.004704,5.004704,1.656209371,psucssa
461,13,2.851457662,3.43361,3.43361,4.19108025,1.561894508,psucssa
462,8,4.003634625,6.275635,6.275635,6.1915505,2.455747,psucssa
464,14,4.046986214,6.41356,6.41356,3.839189,3.498530643,psucssa
466,18,3.322663683,3.057973,4.242012667,4.58844325,2.303009628,psucssa
467,28,3.287726093,3.826028,3.7896725,4.035113,2.5671702,psucssa
468,18,3.322663683,3.057973,4.242012667,4.58844325,2.303009628,psucssa
471,18,3.399108533,5.782489,5.782489,5.131877,2.828899978,psucssa
473,13,3.286872846,8.374655,8.374655,5.252311,2.074801077,psucssa
474,7,3.556551286,6.416388,6.416388,6.416388,2.639924429,psucssa
475,9,3.037813111,3.685213,3.685213,3.685213,2.628345,psucssa
477,6,3.05292665,6.935333,6.935333,3.347344967,1.379254167,psucssa
479,15,3.40878306,6.326181,6.326181,4.379357,2.824868793,psucssa
481,15,3.472371267,5.417335,5.417335,5.417335,3.1112156,psucssa
482,43,2.873888833,3.619533,4.90553675,3.965163857,2.228397042,psucssa
485,3,5.247341,4.728459,4.728459,4.607395,2.175744333,psucssa
486,3,5.074446333,5.886802,5.886802,5.074446333,0,psucssa
487,14,3.746383786,6.738251,6.738251,6.2593415,2.852192143,psucssa
488,7,3.318553043,4.07143,4.07143,3.2995771,1.904448571,psucssa
489,4,4.447800575,7.042348,7.042348,6.55224,1.171680575,psucssa
491,12,3.693475642,4.638225,4.638225,4.638225,3.306956892,psucssa
492,15,3.047296907,5.964457,5.964457,2.930036025,2.265953967,psucssa
494,8,3.504683738,4.652567,4.652567,3.54988778,1.286003875,psucssa
495,14,3.033865736,4.550324,2.8951245,2.8951245,2.620276521,psucssa
496,15,3.383349467,5.932368,5.932368,5.932368,2.987858267,psucssa
497,13,3.968340231,3.371367,3.371367,3.3704385,3.449811231,psucssa
499,7,3.347420329,4.652567,4.652567,5.050606667,1.182874614,psucssa
500,8,3.053439725,3.675486,3.675486,2.853176667,1.983498475,psucssa
501,8,3.053439725,3.675486,3.675486,2.853176667,1.983498475,psucssa
503,11,3.488285291,4.726901,4.726901,2.8331097,2.973174436,psucssa
505,2,3.309962,4.502182,4.502182,4.502182,1.058871,psucssa
506,2,5.146478,5.512905,5.512905,5.146478,0,psucssa
508,9,4.389434444,6.41356,6.41356,3.839189,3.536281333,psucssa
509,5,4.5297742,6.522281,6.522281,3.8935495,2.9723544,psucssa
511,7,4.648039429,6.960788,6.960788,6.960788,3.653641143,psucssa
513,22,3.814197568,6.559615,6.559615,4.496074,3.405463568,psucssa
515,4,4.72650775,6.41356,6.41356,3.887644,2.78268575,psucssa
516,12,3.260472308,4.623948,4.623948,5.5433815,2.336575392,psucssa
517,3,5.247341,4.728459,4.728459,4.607395,2.175744333,psucssa
518,3,5.115358333,5.413785,5.413785,4.950058,1.815319667,psucssa
519,29,3.2391017,7.275784,7.275784,4.553128,2.925092872,psucssa
520,8,3.95388255,3.927731,4.9773705,3.627983233,1.232895125,psucssa
521,8,3.005397125,3.050703,3.050703,3.050703,2.62405925,psucssa
522,8,3.005397125,3.050703,3.050703,3.050703,2.62405925,psucssa
523,8,3.005397125,3.050703,3.050703,3.050703,2.62405925,psucssa
524,8,3.005397125,3.050703,3.050703,3.050703,2.62405925,psucssa
525,26,3.553310562,5.78397,5.3868265,3.9161845,3.101443119,psucssa
526,12,3.749196683,6.026097,6.026097,4.9227284,1.69805985,psucssa
527,8,3.967806325,5.791256,5.791256,5.791256,3.243899325,psucssa
528,25,3.09563784,4.400461,4.400461,4.2505,2.75559784,psucssa
533,2,5.155539,5.445959,5.445959,5.155539,0,psucssa
534,14,2.553920543,4.601481,4.601481,4.601481,2.225243329,psucssa
536,5,4.1939938,6.24491,6.24491,4.361451333,1.577123,psucssa
537,8,3.894657375,6.857124,6.857124,6.857124,3.037516875,psucssa
538,12,3.205940375,5.659522,4.6470245,4.569879667,2.063470458,psucssa
539,34,3.151823168,5.530981,5.530981,4.21035575,2.656487197,psucssa
540,7,4.415176571,5.553385,5.553385,4.94962,2.293910857,psucssa
541,10,3.50861092,3.577481,5.188399,5.188399,2.47093112,psucssa
542,10,3.50861092,3.577481,5.188399,5.188399,2.47093112,psucssa
543,10,3.50861092,3.577481,5.188399,5.188399,2.47093112,psucssa
546,14,4.302567057,5.611823,5.611823,5.342376333,3.157772129,psucssa
548,25,4.202022644,7.710618,7.710618,4.237773689,2.676424116,psucssa
551,3,5.057803,3.674056,3.674056,5.057803,0,psucssa
552,8,3.719425375,2.636784,3.4578165,3.618712,1.457730375,psucssa
553,7,3.711127286,2.636784,3.698068,3.984731667,2.003385143,psucssa
557,11,3.127348291,3.330224,3.330224,3.330224,2.824600655,psucssa
558,33,2.993218982,7.130672,6.8504285,4.326532,2.468790861,psucssa
559,36,2.948152953,4.55552,4.55552,2.993888,2.781825842,psucssa
563,11,3.614950773,7.567497,7.567497,6.199104,1.924286045,psucssa
567,5,4.71882104,7.314626,7.314626,6.114813667,1.04993284,psucssa
569,9,3.194352811,1.861383,1.861383,1.29319065,2.906977111,psucssa
570,9,3.194352811,1.861383,1.861383,1.29319065,2.906977111,psucssa
571,5,4.044445,5.497938,5.497938,3.641365,2.587899,psucssa
572,20,3.227001975,4.737117,4.737117,4.211637,2.174092725,psucssa
573,7,3.704131257,6.326181,6.326181,5.442208,2.149214686,psucssa
574,8,3.57464575,4.721739,4.721739,3.2518315,2.761687875,psucssa
575,25,2.850254464,4.652567,4.652567,5.203777667,2.225801144,psucssa
577,18,2.754292028,2.7194,2.7194,1.85617725,2.548050111,psucssa
578,7,4.590651157,7.042348,7.042348,5.48466825,1.456555014,psucssa
580,8,4.335385125,4.91984,4.91984,4.91984,3.720405125,psucssa
581,6,3.617410567,6.952338,6.952338,3.8784091,2.324607533,psucssa
582,5,3.88693074,5.639207,5.639207,5.639207,2.75908934,psucssa
583,8,3.564191875,4.512905,4.512905,4.014783,2.560496125,psucssa
584,10,3.2249417,4.653872,4.653872,3.0907805,2.6067856,psucssa
587,13,3.452982385,4.900131,5.2502015,3.8961136,1.954477154,psucssa
590,3,5.247341,4.728459,4.728459,4.607395,2.175744333,psucssa
591,3,5.115358333,5.413785,5.413785,4.950058,1.815319667,psucssa
593,19,2.6636891,3.695133,3.695133,3.695133,2.469208416,psucssa
594,14,2.960095907,6.914603,6.914603,4.673568,2.292443336,psucssa
596,13,3.452982385,4.900131,5.2502015,3.8961136,1.954477154,psucssa
597,10,4.1504672,4.9928,4.9928,4.619207,2.3027844,psucssa
598,4,4.5858,5.293946,5.293946,4.690197,2.2407015,psucssa
599,6,4.6247825,5.133284,5.133284,5.133284,3.769235167,psucssa
600,4,4.5858,5.293946,5.293946,4.690197,2.2407015,psucssa
601,6,4.6247825,5.133284,5.133284,5.133284,3.769235167,psucssa
602,12,3.448684375,2.913393,2.913393,1.6148315,3.179545792,psucssa
603,8,3.207407875,5.249664,4.9126145,4.286963,1.063926375,psucssa
604,16,3.217422,5.343163,4.208712,3.88705225,1.273895875,psucssa
605,8,3.599768125,3.79261,3.79261,3.811936,2.170292125,psucssa
606,10,3.9361916,6.258925,6.258925,4.7213962,1.5754935,psucssa
608,7,3.292420529,2.913393,2.913393,2.913393,2.876221529,psucssa
609,30,3.202779263,5.455836,3.9441845,3.613879333,2.84139133,psucssa
610,9,4.106689,7.294238,7.294238,7.294238,3.296218111,psucssa
611,11,3.623631291,4.807052,4.807052,3.122042033,1.920699273,psucssa
612,9,4.320352556,5.47932,5.47932,5.47932,3.711539222,psucssa
613,7,4.214525371,6.53379,6.53379,6.53379,3.2811268,psucssa
614,6,3.8399924,6.541704,6.541704,3.7571007,2.5876255,psucssa
615,5,3.7030058,5.100725,5.100725,5.100725,2.6828608,psucssa
616,12,3.645979583,3.072015,3.072015,3.072015,3.389978333,psucssa
617,3,5.247341,4.728459,4.728459,4.607395,2.175744333,psucssa
618,3,5.115358333,5.413785,5.413785,4.950058,1.815319667,psucssa
619,5,3.3614954,4.968927,4.968927,2.973954,1.577123,psucssa
620,17,2.978825535,4.071788,4.071788,4.071788,2.739308594,psucssa
622,24,3.392590188,9.316954,9.316954,5.3442275,2.947237896,psucssa
624,13,2.786670215,3.500557,3.500557,3.98052105,1.561894508,psucssa
626,9,3.304867222,2.913393,2.913393,2.403829,2.770683,psucssa
628,5,4.6171172,6.522281,6.522281,6.522281,3.312661,psucssa
629,5,3.3380854,4.813935,4.813935,4.813935,2.3752984,psucssa
633,12,3.645979583,3.072015,3.072015,3.072015,3.389978333,psucssa
634,14,3.310164179,7.000842,7.000842,4.7166875,2.636351679,psucssa
635,14,4.007535629,7.125808,7.125808,6.051874333,2.710705414,psucssa
636,6,4.427910017,7.042348,7.042348,5.457191667,1.699314183,psucssa
637,10,3.39472073,6.157804,6.157804,4.68127675,1.52221003,psucssa
640,23,3.194328517,4.643435,4.643435,3.2126795,2.914965083,psucssa
641,5,5.381294,5.749864,5.749864,5.4357645,3.2069882,psucssa
642,3,4.500430333,5.048018,5.048018,4.500430333,0,psucssa
643,25,3.245091748,4.901193,4.271937667,3.8650191,2.008285636,psucssa
644,7,3.300945357,7.198514,7.198514,7.198514,2.272586214,psucssa
645,4,3.068303575,5.512905,5.512905,5.512905,1.690077325,psucssa
653,23,3.129703791,3.499245,5.1429265,3.987667857,1.916065748,psucssa
655,6,3.6511305,6.600883,6.600883,6.600883,2.550983333,psucssa
656,9,3.742460889,5.688997,5.688997,5.688997,3.110350111,psucssa
659,8,2.988887213,4.442867,4.442867,2.988887213,0,psucssa
660,17,3.461670976,5.512905,5.512905,5.512905,3.137382447,psucssa
661,14,3.286679929,4.900131,5.2502015,3.434219333,1.814871643,psucssa
662,22,3.241741773,4.550694,4.460383,3.466989425,2.611380059,psucssa
664,5,5.2856586,7.042348,7.042348,5.6608505,3.0213184,psucssa
668,7,3.785449571,6.040668,6.040668,4.76492925,1.062632857,psucssa
670,34,3.5257384,4.512905,4.512905,4.014783,3.289574694,psucssa
671,6,4.427910017,7.042348,7.042348,5.457191667,1.699314183,psucssa
672,10,3.39472073,6.157804,6.157804,4.68127675,1.52221003,psucssa
673,8,3.932614513,7.63104,7.63104,5.005552333,2.055532388,psucssa
674,7,4.896207,8.057143,8.057143,7.177805,2.845405571,psucssa
677,7,4.011727857,4.582272,4.582272,4.582272,3.357117571,psucssa
678,21,3.569630081,7.115146,7.115146,7.115146,3.230813605,psucssa
679,16,2.916535931,7.251145,7.251145,4.171721,2.395070806,psucssa
680,12,3.484014333,1.201702,1.201702,2.976707,2.24371975,psucssa
681,6,5.115966167,5.114965,5.114965,5.114965,4.263472,psucssa
682,10,4.25567351,7.537505,7.537505,4.1709926,3.42147499,psucssa
686,4,4.72346025,6.741498,6.741498,6.741498,3.03808575,psucssa
688,18,2.984227983,5.586122,5.586122,2.872203375,2.345960567,psucssa
689,4,3.310844225,3.122931,3.122931,1.82072245,2.400483,psucssa
691,9,4.549412778,3.817411,3.817411,3.817411,4.125256,psucssa
692,9,4.458961778,3.817411,3.817411,3.817411,4.034805,psucssa
693,19,2.734173589,5.509313,5.509313,3.347931,2.3817598,psucssa
699,22,3.389809905,5.414762,5.414762,4.7002884,2.321562541,psucssa
700,3,5.057803,3.674056,3.674056,5.057803,0,psucssa
701,14,3.449615421,5.264395,5.264395,3.3021395,2.977881207,psucssa
702,4,4.272612,5.999271,5.999271,3.6147115,2.46525625,psucssa
704,5,4.71882104,7.314626,7.314626,6.114813667,1.04993284,psucssa
705,6,4.427910017,7.042348,7.042348,5.457191667,1.699314183,psucssa
706,21,3.152007305,4.060615,4.060615,4.060615,2.958644686,psucssa
707,3,2.643150667,2.10583,2.10583,2.10583,1.941207333,psucssa
709,13,3.343164692,2.061789,2.061789,3.1487244,2.132116846,psucssa
710,5,3.7030058,5.100725,5.100725,5.100725,2.6828608,psucssa
711,5,3.7030058,5.100725,5.100725,5.100725,2.6828608,psucssa
713,5,4.9550972,6.705933,6.705933,6.705933,3.6139106,psucssa
714,5,4.9550972,6.705933,6.705933,6.705933,3.6139106,psucssa
715,6,4.2424685,3.740597,3.740597,4.267827,1.3972505,psucssa
716,7,3.876301714,2.982126,2.982126,3.7501218,1.197643286,psucssa
717,36,3.256529344,5.360908,5.360908,2.656262,3.035174178,psucssa
719,11,3.566611364,2.419952,3.889562667,3.889562667,2.505821545,psucssa
722,5,4.71882104,7.314626,7.314626,6.114813667,1.04993284,psucssa
723,5,4.0179384,7.029225,7.029225,7.029225,2.6120934,psucssa
724,17,3.574833506,1.766036,1.766036,2.9050334,2.720411918,psucssa
725,11,4.071606273,5.252024,5.252024,3.2142335,3.487200182,psucssa
726,37,3.548642938,5.681802,5.681802,5.285007,3.262966884,psucssa
727,30,3.528233433,5.42079,5.27571,4.271386,2.673956233,psucssa
729,2,4.3458995,5.445959,5.445959,5.445959,1.62292,psucssa
730,3,4.786939,4.81931,4.81931,4.81931,3.180502333,psucssa
731,5,4.71882104,7.314626,7.314626,6.114813667,1.04993284,psucssa
732,16,3.751363506,4.778935,4.1013995,5.35357175,2.412970569,psucssa
733,18,3.030377211,3.525658,3.525658,2.445263,2.758681322,psucssa
735,11,3.386402391,6.516627,6.516627,6.516627,2.793981755,psucssa
736,38,3.490823255,5.681802,5.681802,4.543284,3.132142939,psucssa
737,30,3.528233433,5.42079,5.27571,4.271386,2.673956233,psucssa
738,11,3.798096909,6.166206,6.166206,6.166206,3.237532727,psucssa
739,11,4.071606273,5.252024,5.252024,3.2142335,3.487200182,psucssa
740,24,3.378078175,4.652567,4.1122065,4.673301,2.4044738,psucssa
741,19,3.769111842,6.498793,6.126142333,4.876268167,2.229237684,psucssa
742,15,3.6974322,6.593941,6.593941,4.513237,3.095667267,psucssa
743,19,2.988687526,5.489044,5.489044,4.502167525,2.040862784,psucssa
744,24,3.217775113,4.660656,5.830749,3.67673005,2.604986771,psucssa
745,10,4.25567351,7.537505,7.537505,4.1709926,3.42147499,psucssa
746,6,2.529247783,5.327549,5.327549,3.213541,1.45806745,psucssa
748,6,3.580415167,4.876083,5.0244835,3.967367667,1.596731333,psucssa
749,28,3.324830089,2.996179,2.996179,3.9889338,2.612520482,psucssa
750,3,4.441021667,4.203628,4.203628,4.4431575,1.478916667,psucssa
752,5,5.2856586,7.042348,7.042348,5.6608505,3.0213184,psucssa
753,10,3.8934292,5.616393,6.4142395,4.4863336,1.6502624,psucssa
754,11,3.144702818,4.357051,4.357051,3.101013667,2.298971818,psucssa
755,9,3.1906344,5.488703,5.488703,5.488703,2.580778511,psucssa
756,10,3.18885676,3.803918,3.803918,3.983097,2.39223736,psucssa
757,12,3.32928425,7.357544,7.357544,4.8927645,2.5138235,psucssa
758,8,4.02304925,3.205886,3.205886,4.969287,2.159566625,psucssa
760,44,3.588330189,5.681802,5.681802,5.285007,3.348102598,psucssa
761,29,3.603293379,5.42079,5.27571,4.5136956,2.82507,psucssa
762,9,3.386606967,5.667637,5.667637,3.2538474,2.663529767,psucssa
763,5,5.2856586,7.042348,7.042348,5.6608505,3.0213184,psucssa
764,13,3.671542546,4.308136,4.308136,4.397434,2.656750085,psucssa
765,9,2.741573811,4.267264,4.267264,2.7173365,2.137721256,psucssa
766,13,3.3421009,5.626387,5.626387,5.387452,2.513262131,psucssa
767,5,3.9201666,4.263707,4.150187,4.640492667,1.135871,psucssa
768,22,3.190884909,3.847012,4.258083333,3.315264675,2.588109514,psucssa
769,44,3.588330189,5.681802,5.681802,5.285007,3.348102598,psucssa
770,29,3.603293379,5.42079,5.27571,4.5136956,2.82507,psucssa
774,11,4.071606273,5.252024,5.252024,3.2142335,3.487200182,psucssa
777,18,2.363111039,5.779892,3.733232333,2.808877613,1.114720989,psucssa
778,23,3.018183383,5.334851,5.334851,3.638251,2.70181373,psucssa
779,15,3.596942473,4.778935,4.1013995,5.073128,2.582316873,psucssa
781,23,2.91482493,5.387967,4.849497,4.849497,2.282281843,psucssa
782,10,2.81670158,3.685662,3.685662,3.48421885,1.42301404,psucssa
783,8,3.023481,3.634527,3.27396,2.22968075,1.908640625,psucssa
784,44,3.588330189,5.681802,5.681802,5.285007,3.348102598,psucssa
785,29,3.603293379,5.42079,5.27571,4.5136956,2.82507,psucssa
786,6,5.022494167,7.056898,7.056898,7.056898,3.8463445,psucssa
787,9,3.321108256,4.44279,4.44279,2.8432555,2.6892737,psucssa
791,2,5.636246,7.042348,7.042348,5.636246,0,psucssa
792,16,4.203911563,7.042348,7.042348,7.042348,3.763764812,psucssa
794,5,4.1473246,6.741498,6.741498,4.29214,2.4304686,psucssa
795,8,3.808677625,2.7692,2.7692,4.0325125,0.78429325,psucssa
799,5,3.9201666,4.263707,4.150187,4.640492667,1.135871,psucssa
800,23,3.601972322,5.739829,5.739829,5.739829,3.352414539,psucssa
801,6,4.303389333,4.813935,4.813935,4.813935,3.501066833,psucssa
803,10,3.13315438,4.767524,4.767524,3.041331171,1.00422256,psucssa
805,26,3.520433127,3.803918,3.746074,3.052044875,3.050887762,psucssa
807,18,2.971548076,4.577203,4.577203,4.577203,2.71725902,psucssa
808,24,2.978568804,3.23301,5.174078,3.754381733,2.509271088,psucssa
809,17,3.277916506,4.211319,4.211319,2.655217,2.965538035,psucssa
811,4,4.37946,6.262332,6.262332,6.262332,2.813877,psucssa
812,15,2.88468422,4.194972,4.194972,3.827605783,1.353641907,psucssa
814,20,3.202698385,4.293345,4.293345,4.293345,2.988031135,psucssa
815,11,3.546959127,2.636784,4.6982065,4.584681667,2.2965914,psucssa
816,3,5.224219667,6.522281,6.522281,5.4399565,1.597582,psucssa
823,4,4.5858,5.293946,5.293946,4.690197,2.2407015,psucssa
824,6,4.6247825,5.133284,5.133284,5.133284,3.769235167,psucssa
825,11,3.2207663,4.86587,4.86587,4.86587,2.778414482,psucssa
827,11,4.071606273,5.252024,5.252024,3.2142335,3.487200182,psucssa
828,9,3.733768633,7.049092,7.049092,7.049092,2.950536189,psucssa
829,10,3.62597172,5.954895,5.954895,5.363374,2.55329692,psucssa
830,25,3.012857456,3.991114,3.991114,3.428760483,2.18995494,psucssa
832,8,4.203123625,6.403946,6.403946,4.323715167,0.96033725,psucssa
833,19,2.969351416,5.10123,5.10123,3.327825725,2.268756526,psucssa
834,9,3.559920456,4.985911,4.985911,4.985911,3.005930344,psucssa
836,17,4.393301235,7.252136,6.5482335,4.2799939,1.875657765,psucssa
837,17,2.770029082,6.593941,6.593941,3.213121067,2.203007718,psucssa
838,20,4.01894185,7.608169,7.608169,6.326222,3.38631965,psucssa
839,9,3.138845089,5.100725,5.100725,5.100725,2.572097867,psucssa
840,3,4.307715667,4.495176,4.495176,4.495176,2.809323667,psucssa
842,22,3.360360723,4.811299,4.811299,4.811299,3.141665314,psucssa
843,11,3.522129491,5.589065,5.589065,3.532513,2.558716855,psucssa
846,3,3.825972,3.327741,3.327741,3.825972,0,psucssa
847,12,2.832852958,5.472793,5.472793,5.472793,2.376786875,psucssa
848,28,3.099089282,5.147467,4.90400725,3.465922275,2.108825775,psucssa
850,6,3.408517183,4.880446,4.880446,4.880446,2.595109517,psucssa
851,4,3.4061225,3.266571,3.266571,3.309962,1.7511415,psucssa
852,4,4.9911435,7.042348,7.042348,7.042348,3.2305565,psucssa
856,12,3.150501292,4.220335,4.220335,4.220335,2.798806708,psucssa
859,8,3.595627875,6.184818,6.184818,6.184818,2.822525625,psucssa
860,8,4.023633013,5.62,5.62,5.265758,2.048973763,psucssa
861,4,4.267247775,5.685757,5.685757,4.094361367,1.19647675,psucssa
865,11,3.546905209,5.942022,5.942022,5.466941,2.0559213,psucssa
866,5,3.6150044,2.913393,2.913393,1.959664,2.8311388,psucssa
868,6,5.183372667,6.522281,6.539635,6.539635,3.003494333,psucssa
869,5,2.05062294,2.927257,2.927257,2.927257,1.46517154,psucssa
870,8,3.4828925,7.042348,7.042348,7.042348,2.602599,psucssa
871,12,3.499903958,6.100998,6.100998,6.100998,2.991487458,psucssa
873,18,2.848122356,4.484496,4.484496,2.6827512,2.550038889,psucssa
874,10,3.3090642,5.008875,5.008875,3.164293,2.6762056,psucssa
876,10,3.87220698,5.57337,5.57337,5.9057585,2.69105528,psucssa
878,6,4.935491667,6.175538,6.175538,5.363289,3.147728667,psucssa
879,11,3.246177845,4.939817,5.335833,5.335833,2.276026391,psucssa
880,16,2.668883569,4.665074,4.665074,2.70646595,2.330575325,psucssa
881,8,3.453397525,4.175011,4.175011,4.49841,2.328795025,psucssa
882,3,3.722590667,6.472453,6.472453,3.784561,1.19955,psucssa
883,19,3.657795737,5.804013,5.804013,5.804013,3.352321368,psucssa
887,7,5.197003429,8.931293,8.931293,8.931293,3.921104429,psucssa
888,8,3.919586913,5.349454,5.349454,4.887279333,2.086857163,psucssa
889,26,3.117318885,4.656407,5.066856,5.066856,2.532681654,psucssa
890,6,5.364109,4.797824,5.0104365,5.0104365,3.6939635,psucssa
892,5,2.54716086,5.194147,5.194147,5.194147,1.50833146,psucssa
893,5,4.4978372,5.824656,5.824656,3.945213667,2.130709,psucssa
895,10,3.3807855,5.05502,5.05502,5.05502,2.8752835,psucssa
897,3,6.352579333,7.923133,7.923133,7.923133,3.711535,psucssa
898,4,3.98715175,6.285951,6.285951,6.285951,2.415664,psucssa
899,19,3.813639658,6.560265,4.962479667,4.962479667,3.030090237,psucssa
900,8,3.875126713,5.59157,5.59157,3.833839333,2.437436963,psucssa
901,13,3.901638677,7.995616,7.9189705,7.9189705,2.683335523,psucssa
903,5,3.6150044,2.913393,2.913393,1.959664,2.8311388,psucssa
904,12,4.207614417,5.824656,5.824656,5.122504,3.35386375,psucssa
906,18,2.848122356,4.484496,4.484496,2.6827512,2.550038889,psucssa
907,18,2.848122356,4.484496,4.484496,2.6827512,2.550038889,psucssa
908,11,3.788953936,5.049967,5.049967,5.049967,3.329866027,psucssa
909,38,2.863791479,5.001022,5.001022,5.001022,2.732185637,psucssa
910,39,3.153291921,6.100998,5.411522,5.05981925,2.6343361,psucssa
912,3,5.231588333,4.991653,4.991653,5.2899,1.704988333,psucssa
914,13,4.065639962,4.477268,4.477268,2.7582605,3.641292192,psucssa
916,5,3.438414,3.562125,3.562125,3.0066945,2.2357362,psucssa
917,4,5.1752095,6.706392,6.336815,6.336815,2.006802,psucssa
918,8,2.870718112,3.266571,4.1191065,3.361271667,1.610241238,psucssa
920,12,3.975048233,6.705916,6.705916,6.705916,3.4162219,psucssa
922,31,3.15378291,4.71463,4.71463,4.71463,3.001698071,psucssa
923,5,3.6150044,2.913393,2.913393,1.959664,2.8311388,psucssa
924,12,4.207614417,5.824656,5.824656,5.122504,3.35386375,psucssa
925,11,2.618220418,3.98097,3.98097,3.022353333,1.793942236,psucssa
926,14,3.158908764,3.070219,3.854222,2.912093667,2.534888693,psucssa
927,6,4.0216615,5.10924,5.10924,3.279173333,2.382074833,psucssa
928,14,4.056349143,4.895185,4.895185,4.895185,3.706693071,psucssa
930,9,3.937584333,5.589065,5.589065,4.380407333,2.477448556,psucssa
935,7,4.165933857,4.94434,4.94434,3.697328,2.581364714,psucssa
938,9,2.788937506,3.979391,3.979391,3.979391,2.34678295,psucssa
939,8,3.143158037,4.731552,4.731552,2.867466333,2.067858163,psucssa
941,12,3.3040085,3.350423,3.350423,3.350423,3.024806583,psucssa
943,31,3.15378291,4.71463,4.71463,4.71463,3.001698071,psucssa
944,16,3.317251069,5.140481,5.140481,3.05731155,2.935087125,psucssa
945,6,2.9222095,4.363745,4.363745,2.6858155,1.131665833,psucssa
946,7,3.985904286,5.305063,4.687543,3.686172667,2.406116,psucssa
947,6,3.39325235,4.294359,4.294359,3.52876382,0.452615833,psucssa
948,14,3.510491236,5.688997,5.987055333,5.3904732,1.585322236,psucssa
951,9,3.313141544,6.006226,6.006226,6.006226,2.6457831,psucssa
955,3,4.687175667,5.886802,5.886802,5.886802,2.724908333,psucssa
956,16,3.317251069,5.140481,5.140481,3.05731155,2.935087125,psucssa
957,6,2.9222095,4.363745,4.363745,2.6858155,1.131665833,psucssa
958,7,3.985904286,5.305063,4.687543,3.686172667,2.406116,psucssa
959,6,3.39325235,4.294359,4.294359,3.52876382,0.452615833,psucssa
960,15,4.23109198,5.688997,7.000962,5.244173667,1.08458778,psucssa
961,6,3.5284896,8.402555,8.402555,4.6459718,1.979832333,psucssa
962,10,2.73334988,5.155732,5.155732,5.155732,2.21777668,psucssa
963,11,3.447545327,6.066429,6.066429,2.763615125,2.442594373,psucssa
964,14,3.293684786,7.677942,7.677942,7.677942,2.745260357,psucssa
965,4,4.197289925,5.659119,5.659119,5.659119,2.782510175,psucssa
966,11,3.264858955,2.913393,2.913393,1.959664,2.908556409,psucssa
968,14,4.207571429,5.204655,5.204655,4.670123,3.540411,psucssa
969,9,3.473019611,4.759578,4.759578,2.84482025,2.840837333,psucssa
970,5,4.7561424,6.100998,6.100998,5.2218825,2.6673894,psucssa
971,14,3.245480371,5.285901,5.285901,3.614623,2.729105657,psucssa
972,17,3.429661535,6.769166,6.769166,4.857083667,2.572529124,psucssa
974,7,3.752095429,4.992972,4.992972,3.4681585,2.761193,psucssa
976,4,4.707521,6.527233,6.527233,6.527233,3.07571275,psucssa
978,14,3.834373929,7.257518,7.257518,4.414176333,2.888479,psucssa
979,6,3.750055167,5.336814,5.336814,4.215454,1.642328167,psucssa
980,6,2.974428833,2.567153,2.567153,1.899909,2.341125833,psucssa
981,12,3.4367031,5.022952,5.022952,2.855123667,2.722922183,psucssa
983,20,3.354263805,5.022952,5.022952,2.778505667,2.937487955,psucssa
984,16,3.095860363,6.199104,6.199104,4.177015,2.573733488,psucssa
986,17,3.429661535,6.769166,6.769166,4.857083667,2.572529124,psucssa
987,3,4.969962667,5.659119,5.659119,5.659119,3.083589667,psucssa
988,17,3.429661535,6.769166,6.769166,4.857083667,2.572529124,psucssa
990,13,3.626440154,5.67749,5.67749,4.418761333,2.606726,psucssa
991,17,3.476897824,4.632169,4.1921,4.1921,2.983709588,psucssa
996,6,3.76234,7.042348,7.042348,7.042348,2.588615333,psucssa
999,16,3.2383467,5.506336,5.506336,5.506336,2.8942007,psucssa
1000,8,2.562229875,4.512905,4.512905,3.0469035,1.800504,psucssa
1001,19,3.520261467,5.578721,5.337167,5.4309768,2.091057046,psucssa
1002,6,4.801018333,7.230139,7.230139,7.230139,3.595995167,psucssa
1003,13,3.929630031,5.804013,5.804013,5.804013,3.483167492,psucssa
1004,11,3.447365455,3.071047,3.071047,3.752889,2.765022,psucssa
1006,59,3.524962136,5.736578,6.122301,5.103435571,2.91946978,psucssa
1008,8,3.821270825,4.46754,4.46754,4.913365667,1.9787587,psucssa
1011,22,3.765152991,7.074668,7.074668,7.074668,3.443577173,psucssa
1014,10,2.8425557,4.911763,4.911763,3.021596333,1.9360768,psucssa
1015,22,3.9006595,4.246028,4.246028,4.273835714,2.540802682,psucssa
1016,11,3.746945982,8.162188,6.5916415,5.30640875,1.8173428,psucssa
1018,8,3.4811756,5.352758,5.352758,5.0971095,2.206898225,psucssa
1019,18,2.428265139,6.085593,6.085593,3.4879855,2.040711194,psucssa
1020,13,2.260328531,4.795629,4.795629,2.366995,1.714098915,psucssa
1021,4,4.557786,7.357966,7.357966,7.357966,2.7182945,psucssa
1024,7,3.575876429,3.991114,3.991114,2.993971,2.292746,psucssa
1025,8,3.29955325,5.491918,5.491918,4.534710333,1.599036875,psucssa
1030,4,3.44835725,3.424473,3.424473,2.954496,1.97110925,psucssa
1031,5,4.8572958,4.884516,4.884516,4.884516,3.8803926,psucssa
1035,3,4.780382333,3.537532,3.537532,3.537532,3.601205,psucssa
1036,14,2.800739357,4.957821,4.957821,2.643344,2.423118786,psucssa
1037,6,3.127488533,5.98154,5.98154,5.98154,2.1305652,psucssa
1039,7,3.254089943,5.605388,5.605388,5.605388,2.453320229,psucssa
1040,12,3.933372317,5.001022,5.3703855,5.3703855,3.038308067,psucssa
1041,5,3.59796476,5.215177,5.215177,4.843902,1.66040396,psucssa
1042,8,3.276072388,5.851794,5.851794,3.473638333,1.973458012,psucssa
1044,11,3.324611918,9.415972,9.415972,5.51685,2.321548282,psucssa
1045,11,3.995835355,3.991114,3.991114,4.020391,2.1683849,psucssa
1046,15,3.079012427,5.440374,5.440374,5.440374,2.716320827,psucssa
1048,35,2.962579331,5.240307,5.240307,5.240307,2.812856274,psucssa
1049,8,4.319061125,5.975083,5.975083,5.2103995,3.01646125,psucssa
1051,4,2.355359075,5.513812,5.513812,3.1172627,0.796727725,psucssa
1052,19,3.082549537,5.001022,5.001022,5.001022,2.819337853,psucssa
1053,7,2.857566571,2.994531,2.994531,1.940592,2.025884286,psucssa
1054,10,3.3722998,4.504417,4.504417,4.2549055,2.5213187,psucssa
1055,4,4.041273975,8.423652,8.423652,8.423652,1.935360975,psucssa
1056,4,4.48698725,8.808851,8.808851,8.808851,2.2847745,psucssa
1058,7,4.520468286,3.991114,3.991114,4.915117333,2.413989429,psucssa
1060,7,4.520468286,3.991114,3.991114,4.915117333,2.413989429,psucssa
1061,9,3.208802778,4.121373,4.121373,4.423769,1.734213111,psucssa
1063,13,2.534618877,5.239127,5.239127,3.5461315,1.989060185,psucssa
1064,6,3.845890333,4.336275,4.336275,4.6905625,2.2823695,psucssa
1065,11,4.039632545,6.100998,6.51869,5.793382333,2.459619182,psucssa
1067,10,3.69503541,6.100998,6.100998,5.2218825,2.65065891,psucssa
1069,6,4.573106,6.861771,6.861771,5.554549,2.721589667,psucssa
1070,15,4.179639907,6.785013,6.785013,5.51617,3.444150573,psucssa
1071,12,3.332624817,2.743838,2.743838,2.743838,3.10397165,psucssa
1072,13,3.037783854,3.981673,3.981673,2.39527945,2.669279323,psucssa
1073,14,4.095431357,6.897856,6.897856,6.897856,3.602727357,psucssa
1074,6,4.497908067,7.634774,7.634774,7.634774,3.225445733,psucssa
1075,14,3.417618814,7.634774,7.634774,7.634774,2.872277814,psucssa
1077,4,4.75668075,4.667538,4.667538,4.746938667,1.19647675,psucssa
1078,5,4.0992414,5.655212,5.655212,5.655212,2.968199,psucssa
1079,18,3.534496667,4.017278,4.017278,4.017278,3.311314556,psucssa
1082,14,3.317997071,5.108172,4.536398,3.92283375,1.076377786,psucssa
1084,4,3.3332345,5.403486,5.403486,5.403486,1.982363,psucssa
1085,16,2.983401779,4.639052,4.639052,3.6619305,2.525660467,psucssa
1088,10,3.8532265,6.168161,6.168161,6.168161,3.2364104,psucssa
1089,10,2.64273625,4.496676,4.496676,4.496676,2.19306865,psucssa
1093,12,3.455464942,4.682935,4.682935,3.432273,2.883419442,psucssa
1095,16,3.063781781,4.942879,4.942879,3.443112,2.633392781,psucssa
1096,5,3.8166488,4.141838,4.141838,3.3360355,2.4822346,psucssa
1097,10,3.341897744,3.552491,3.552491,3.552491,2.986648644,psucssa
1098,5,3.727352,5.076964,5.076964,3.076663333,1.881354,psucssa
1099,13,2.758603577,4.1294,5.358967,3.69359528,1.337990008,psucssa
1100,8,2.986151625,4.530268,4.530268,2.941261,2.250836375,psucssa
1101,12,3.506607,6.066429,6.066429,3.2758588,2.414654067,psucssa
1103,9,3.1715613,3.991114,3.991114,2.993971,2.173570967,psucssa
1104,12,3.571355425,6.774274,6.774274,6.774274,3.006832592,psucssa
1106,19,3.103271684,5.224588,5.224588,5.224588,2.828293368,psucssa
1107,9,3.295179333,6.081432,6.081432,6.081432,2.619464667,psucssa
1108,8,5.216404625,7.948301,7.948301,6.808784,2.663110625,psucssa
1109,20,3.16578258,4.410765,4.8635105,4.12627625,2.34052733,psucssa
1111,14,3.16620115,5.108754,5.108754,5.108754,2.80129015,psucssa
1112,15,3.037987673,3.453533,3.453533,5.0066945,2.370428407,psucssa
1113,12,3.802048675,5.440218,5.440218,4.0590645,3.125537925,psucssa
1114,23,2.370207804,3.661933,3.661933,3.0307,2.106668674,psucssa
1116,21,2.451936852,5.328761,5.328761,5.328761,2.198186329,psucssa
1117,17,3.382840724,5.878781,5.383315667,3.9213985,1.537476724,psucssa
1118,11,3.688063155,4.723187,4.723187,3.5020205,3.051332155,psucssa
1120,8,2.796091463,4.509191,4.509191,2.6950987,2.122316788,psucssa
1121,18,3.7196481,5.320862,5.5303055,4.066074333,3.041969044,psucssa
1122,35,3.552250437,3.746648,3.746648,3.484735909,2.457047723,psucssa
1123,22,3.602544686,5.901913,5.349093,4.1404262,2.661538732,psucssa
1125,3,4.682973667,7.042348,7.042348,7.042348,2.335524333,psucssa
1126,13,2.534618877,5.239127,5.239127,3.5461315,1.989060185,psucssa
1127,17,4.082225082,6.915668,6.915668,6.915668,3.675421082,psucssa
1132,17,3.717383765,4.461753,4.461753,4.461753,3.454927706,psucssa
1133,11,4.180589891,3.699992,5.6153995,4.495263686,1.319967545,psucssa
1134,5,3.20539508,5.445959,5.445959,3.8324725,1.67240608,psucssa
1137,8,2.796091463,4.509191,4.509191,2.6950987,2.122316788,psucssa
1138,8,2.796091463,4.509191,4.509191,2.6950987,2.122316788,psucssa
1139,8,2.796091463,4.509191,4.509191,2.6950987,2.122316788,psucssa
1140,12,2.703468233,5.108314,5.108314,5.108314,2.2777754,psucssa
1141,8,4.474933875,6.251869,6.251869,3.5711235,3.582153,psucssa
1142,9,3.505910367,4.575053,4.575053,3.729188,2.677201922,psucssa
1143,7,3.732101829,5.804013,5.804013,5.540105,2.149214686,psucssa
1144,14,3.282416286,3.991114,3.991114,2.993971,2.640851071,psucssa
1146,3,4.49446,5.659119,5.659119,5.659119,2.608087,psucssa
1147,9,3.499660667,4.260996,4.260996,3.266855,2.410709,psucssa
1151,6,3.595123,4.185112,4.185112,4.3957015,2.129889167,psucssa
1152,3,5.776829,6.142672,6.142672,6.142672,3.729271667,psucssa
1153,5,4.0874586,6.618257,6.839785,4.28481325,0.659608,psucssa
1154,5,2.9786732,3.645361,3.645361,3.5140305,1.573061,psucssa
1157,12,3.268809083,6.844916,6.844916,6.844916,2.698399417,psucssa
1159,9,3.8421263,7.948301,7.948301,7.948301,2.958981744,psucssa
1160,8,4.268435875,6.700904,6.700904,6.700904,3.430822875,psucssa
1161,4,5.34752775,6.197826,6.197826,5.5118225,2.5916165,psucssa
1163,54,2.657321278,5.240804,4.0652395,2.9883786,2.491300244,psucssa
1164,25,3.000623544,5.116127,5.116127,3.0426668,2.7572102,psucssa
1165,6,3.292944317,5.480459,5.480459,4.605764,0.990062317,psucssa
1166,9,3.196695489,6.08797,6.08797,6.08797,2.520254378,psucssa
1167,23,2.973149765,4.838862,4.838862,2.81335035,2.728510604,psucssa
1168,32,3.402236747,8.497071,8.497071,8.497071,3.136703278,psucssa
1169,9,2.847753344,3.94647,3.94647,2.147620183,1.416006556,psucssa
1170,9,3.397133589,4.528201,4.5709975,3.46087496,1.474425278,psucssa
1171,16,3.275653825,6.089581,6.089581,3.909474,2.786969575,psucssa
1175,12,3.581676383,2.214314,2.214314,3.0512162,2.564604317,psucssa
1176,30,2.725296613,4.094051,4.094051,4.094051,2.588828247,psucssa
1178,18,3.211503372,4.776312,4.776312,2.78207535,2.902383889,psucssa
1181,11,4.287425582,4.772542,5.761014,5.2794492,1.887675945,psucssa
1183,3,5.041646667,6.852601,6.852601,5.166097,1.597582,psucssa
1184,23,2.973149765,4.838862,4.838862,2.81335035,2.728510604,psucssa
1187,8,2.246523163,3.587335,4.7326025,3.556377667,0.912881538,psucssa
1188,13,2.826445077,6.149085,6.149085,3.748876,2.249694923,psucssa
1189,10,3.3471714,5.671927,5.671927,5.671927,2.7799787,psucssa
1190,17,3.307090582,6.774243,6.774243,4.164163714,1.592434935,psucssa
1191,13,3.190688846,2.913393,2.913393,2.913393,2.966581692,psucssa
1194,14,3.16620115,5.108754,5.108754,5.108754,2.80129015,psucssa
1195,15,3.037987673,3.453533,3.453533,5.0066945,2.370428407,psucssa
1196,7,3.732101829,5.804013,5.804013,5.540105,2.149214686,psucssa
1198,10,2.791227,4.349876,4.349876,3.159566667,1.843357,psucssa
1201,10,2.64273625,4.496676,4.496676,4.496676,2.19306865,psucssa
1202,17,3.020758194,1.362466,1.362466,2.373528,2.601900312,psucssa
1203,9,3.575298422,3.530878,3.530878,3.530878,3.182978644,psucssa
1204,9,3.207628556,3.578778,3.397516333,2.9190545,1.910271,psucssa
1205,37,2.8963239,5.253905,5.253905,2.793451,2.669827873,psucssa
1209,6,3.6574505,7.042348,7.042348,7.042348,2.483725833,psucssa
1210,7,3.108449971,3.121864,2.953074,2.953074,2.264714543,psucssa
1213,9,3.803841722,5.412101,5.412101,3.2228375,3.087655611,psucssa
1215,14,2.928961314,4.922184,4.922184,2.432917333,2.407621886,psucssa
1216,10,4.1156347,4.486785,4.486785,4.845735333,2.6619141,psucssa
1218,17,2.886048418,4.876083,4.876083,5.043288,2.292720418,psucssa
1219,13,2.9097438,5.324547,5.324547,2.4824336,2.145918077,psucssa
1220,15,3.672310753,4.96504,4.96504,4.228899,2.826530953,psucssa
1221,13,4.048650923,4.114719,4.114719,4.114719,3.732134077,psucssa
1222,37,2.8963239,5.253905,5.253905,2.793451,2.669827873,psucssa
1223,37,2.983542905,5.486587,5.486587,4.7172926,2.346070932,psucssa
1225,23,2.848273965,6.667508,6.667508,6.667508,2.558382313,psucssa
1228,37,2.8963239,5.253905,5.253905,2.793451,2.669827873,psucssa
1230,37,2.8963239,5.253905,5.253905,2.793451,2.669827873,psucssa
1231,6,3.5768205,3.314783,3.314783,4.494228,2.0787445,psucssa
1233,12,2.802389483,4.456369,4.456369,4.464038,2.05838315,psucssa
1236,10,4.2302138,6.74462,6.74462,4.797884,0.871695,psucssa
1237,10,3.41260678,5.683458,5.4394615,4.221885,2.14604128,psucssa
1240,12,2.599562067,3.231696,3.231696,3.5985435,1.999804817,psucssa
1242,13,3.461000908,5.001022,5.001022,5.001022,3.076306908,psucssa
1244,27,2.812459726,5.890151,5.7682835,4.697768667,2.29048543,psucssa
1246,12,2.994407317,1.464192,1.464192,3.538858,1.51988315,psucssa
1247,7,3.3880971,6.100998,4.876985,3.803099667,1.758197243,psucssa
1248,8,3.70305235,4.683601,4.683601,5.0312705,2.445234725,psucssa
1249,5,3.4158832,4.63882,4.63882,3.469115,1.3344142,psucssa
1250,6,3.832820667,6.549618,6.549618,4.0181265,2.493445167,psucssa
1251,22,3.248711395,4.884516,4.899873,4.122070455,1.187676168,psucssa
1255,10,3.88163228,6.722824,6.722824,6.722824,3.20934988,psucssa
1257,16,3.374124313,6.100998,6.100998,5.2218825,2.721389,psucssa
1258,28,2.814821136,4.676666,4.839127,3.942864,1.969921707,psucssa
1259,6,4.9945785,5.804013,5.804013,5.804013,4.027243,psucssa
1260,10,3.71251244,6.168161,6.168161,6.168161,3.09569634,psucssa
1261,18,3.139314067,4.264419,4.264419,4.264419,2.9024019,psucssa
1262,11,3.5563793,3.847012,3.847012,4.656815333,2.286338755,psucssa
1263,3,3.163221667,5.804013,5.804013,5.804013,1.228550667,psucssa
1264,8,4.29819775,4.82021,4.82021,3.3817775,3.452753375,psucssa
1267,21,3.401689029,5.518739,5.765545,4.6858658,2.286006695,psucssa
1269,37,2.983542905,5.486587,5.486587,4.7172926,2.346070932,psucssa
1270,14,3.111236,7.042348,7.042348,7.042348,2.608211143,psucssa
1271,8,3.746783625,5.553385,5.7577035,4.288024667,2.138774375,psucssa
1272,7,3.808612571,5.498588,5.498588,3.3408575,2.854081857,psucssa
1277,6,3.845890333,4.336275,4.336275,4.6905625,2.2823695,psucssa
1279,9,3.481562378,5.528428,5.528428,3.3125485,2.745440489,psucssa
1282,10,3.68208347,5.194147,5.622585,4.426597925,1.9114443,psucssa
1290,14,3.604855643,7.128435,7.128435,4.2238305,3.001451286,psucssa
1291,13,3.133282308,3.991114,3.991114,2.993971,2.442365923,psucssa
1294,4,2.935641175,0.9617177,0.9617177,2.87049485,1.50039375,psucssa
1295,6,3.770098,5.550694,5.550694,5.550694,2.844982333,psucssa
1297,9,4.1879494,6.09169,6.09169,4.000546,2.854434067,psucssa
1299,26,3.550695842,4.724445,4.724445,4.6182816,2.662564765,psucssa
1300,15,2.919312833,5.92753,5.92753,5.92753,2.524144167,psucssa
1302,12,2.4179397,5.239127,5.239127,2.538565,1.78329845,psucssa
1303,16,3.152711231,6.264979,6.264979,3.473376333,1.850195106,psucssa
1307,11,3.656129136,6.024381,6.024381,6.024381,3.108458136,psucssa
1308,6,3.7707443,7.042348,7.042348,7.042348,2.597019633,psucssa
1309,12,3.279909817,5.245739,5.245739,4.0584615,2.603499567,psucssa
1310,12,3.418688,5.230359,5.230359,5.230359,2.98282475,psucssa
1312,7,2.7452991,4.013315,4.013315,3.001102667,1.459112243,psucssa
1315,28,3.122870829,2.932171,2.932171,1.6242205,3.006855079,psucssa
1316,10,3.68208347,5.194147,5.622585,4.426597925,1.9114443,psucssa
1317,11,3.941195645,1.333217,1.333217,2.291351367,3.316281636,psucssa
1320,5,3.92643024,5.976814,5.976814,4.6777575,2.05532724,psucssa
1321,4,3.14552325,4.694459,4.656081,3.414182,0.58488675,psucssa
1322,5,4.224849,4.724013,4.724013,4.724013,3.2800464,psucssa
1324,9,3.516041933,7.018397,7.018397,7.018397,2.736220044,psucssa
1325,8,4.341545513,6.299532,6.299532,6.546748333,1.886514888,psucssa
1327,9,3.927212011,4.512905,4.512905,4.512905,3.425778122,psucssa
1328,6,3.602086,5.001022,5.001022,3.4773365,1.283861667,psucssa
1329,14,3.416011421,5.391437,5.391437,5.391437,3.030908779,psucssa
1330,16,3.139979094,6.100998,6.100998,6.100998,2.758666719,psucssa
1331,6,3.277588,6.100998,4.876985,3.803099667,1.376038167,psucssa
1332,14,3.009440129,4.457101,4.457101,4.457101,2.691075771,psucssa
1335,8,3.112397563,5.318836,5.318836,4.141902875,1.041446125,psucssa
1339,14,4.0770367,4.20784,4.20784,4.0625162,3.206497514,psucssa
1341,13,2.624309008,2.913393,2.913393,1.6148315,2.375873392,psucssa
1342,28,2.816795179,3.007144,3.007144,3.007144,2.709397179,psucssa
1343,13,3.211085508,5.856031,5.856031,5.1006635,2.426368046,psucssa
1344,9,2.950714333,5.971229,5.971229,5.1582625,1.804433778,psucssa
1345,10,3.73727172,8.298053,8.298053,8.298053,2.90746642,psucssa
1346,9,3.867124389,4.80855,4.80855,4.609565667,2.3306025,psucssa
1347,9,3.296772711,3.178562,3.178562,2.78724985,2.057995,psucssa
1349,12,4.657147583,5.628761,5.582469,5.70743175,2.754670333,psucssa
1350,10,3.1826341,4.509191,4.509191,4.509191,2.731715,psucssa
1351,6,3.9653125,5.269867,5.269867,3.737351667,2.096636667,psucssa
1352,15,3.060262733,4.837895,4.837895,2.73154,2.513954733,psucssa
1354,29,3.119636331,4.940124,4.940124,4.940124,2.949287228,psucssa
1355,6,2.83708075,5.637844,5.637844,2.95314505,1.852699067,psucssa
1357,19,3.426291305,4.166722,4.166722,4.166722,3.206990147,psucssa
1358,7,3.699684,7.113165,7.113165,4.784597333,1.649142286,psucssa
1359,12,4.187124333,6.421391,5.995020333,5.995020333,2.68836925,psucssa
1360,3,5.880779667,7.042348,6.0723725,6.0723725,1.832531333,psucssa
1361,26,3.550695842,4.724445,4.724445,4.6182816,2.662564765,psucssa
1362,4,4.986121,6.527233,6.527233,5.753495,2.1093735,psucssa
1363,8,2.796091463,4.509191,4.509191,2.6950987,2.122316788,psucssa
1364,8,3.1220695,3.874797,3.874797,3.874797,2.637719875,psucssa
1366,10,3.33384571,4.445959,4.445959,5.658792,2.20208731,psucssa
1367,6,3.668023917,4.652567,5.5981025,4.011377125,0.9937725,psucssa
1368,17,3.450322441,7.029699,4.8267325,4.044509871,1.784936024,psucssa
1370,7,4.013354857,3.726925,3.726925,3.8661595,2.908737857,psucssa
1374,14,3.454001307,3.697754,3.697754,3.697754,3.189876021,psucssa
1380,9,3.337186856,5.23974,5.23974,5.23974,2.754993522,psucssa
1381,5,3.7221216,6.38298,6.38298,3.907740333,1.3774774,psucssa
1382,27,3.023235459,4.149824,4.149824,4.149824,2.869538274,psucssa
1383,17,3.866426124,5.402303,5.742578333,4.757495667,2.187310006,psucssa
1384,6,4.076574833,5.605388,5.605388,5.605388,3.1423435,psucssa
1386,4,4.866854825,7.162324,7.232262,5.120603767,1.026402,psucssa
1387,31,3.677538458,6.854287,6.310403,6.310403,3.270415684,psucssa
1388,16,4.1077238,4.227435,6.7496755,5.961375,2.244794112,psucssa
1389,8,5.1114745,5.804013,5.9325255,5.9325255,3.628343125,psucssa
1390,7,3.058131514,5.012303,5.012303,3.9945176,0.204904657,psucssa
1391,7,3.361497857,7.035463,7.035463,7.035463,2.356431714,psucssa
1394,11,2.939846164,4.141838,4.141838,3.3360355,2.333294255,psucssa
1396,23,3.3326854,4.494762,4.494762,3.011868429,2.416029791,psucssa
1397,4,3.9654912,7.021575,7.021575,7.021575,2.21009745,psucssa
1399,3,4.678171667,7.042348,7.042348,7.042348,2.330722333,psucssa
1401,12,3.316281325,6.100998,6.100998,5.2218825,2.445967575,psucssa
1402,9,3.0559399,4.588415,4.588415,5.4054595,1.854726678,psucssa
1403,8,3.5495515,6.088022,6.088022,6.088022,2.78854875,psucssa
1404,6,3.505826833,4.862995,4.862995,5.5427495,1.658243667,psucssa
1405,11,3.127858891,6.527233,5.9261695,4.387804333,1.931184982,psucssa
1406,10,3.7429239,4.779968,4.779968,3.2168395,3.099556,psucssa
1409,5,4.7259954,7.634774,7.634774,7.634774,3.1990406,psucssa
1411,17,3.866426124,5.402303,5.742578333,4.757495667,2.187310006,psucssa
1413,7,2.6376549,3.525944,3.525944,2.12305165,2.031068714,psucssa
1415,4,3.8571677,5.804013,5.804013,5.804013,2.40616445,psucssa
1416,10,3.61489101,5.046071,5.046071,4.993006,2.61628981,psucssa
1417,21,3.717443519,8.389439,7.660469,6.02975475,2.568918805,psucssa
1418,3,4.153110667,7.117393,7.117393,4.2183095,1.340904333,psucssa
1420,3,5.537392667,9.071741,9.071741,6.365527,1.293708,psucssa
1421,8,3.308120125,5.170699,5.170699,5.170699,2.66178275,psucssa
1422,14,3.1881555,7.067411,7.067411,7.067411,2.683340429,psucssa
1425,11,2.939846164,4.141838,4.141838,3.3360355,2.333294255,psucssa
1426,8,4.197720375,5.232411,5.232411,3.714119667,2.8049255,psucssa
1427,15,3.317588827,3.918846,3.918846,2.144036567,2.4599742,psucssa
1429,11,2.435805464,4.56343,4.56343,4.56343,2.020948191,psucssa
1433,17,2.909949665,5.544552,5.544552,5.544552,2.583799547,psucssa
1434,12,4.056610383,6.950929,6.950929,6.1529725,3.031114967,psucssa
1435,10,3.84579629,6.100998,6.100998,5.495339333,2.19719449,psucssa
1437,9,3.250974033,3.213507,3.213507,2.543548717,1.555274889,psucssa
1438,9,3.834348778,7.128435,7.128435,4.2859225,2.881921556,psucssa
1439,36,3.758336806,7.405363,7.539786,5.911206444,2.280535194,psucssa
1440,10,3.84579629,6.100998,6.100998,5.495339333,2.19719449,psucssa
1441,12,3.51687525,3.726925,3.726925,3.8661595,2.872515333,psucssa
1442,12,3.970515767,4.56374,4.56374,4.284567,3.256421267,psucssa
1444,17,3.514463694,4.974582,4.974582,4.974582,3.221841224,psucssa
1445,26,3.266588912,4.41043,4.41043,2.65361735,3.0624645,psucssa
1446,6,3.195870333,5.064933,5.064933,3.165072,2.140846333,psucssa
1448,7,3.173415857,7.053428,7.053428,4.9309475,1.764573714,psucssa
1450,11,3.7190539,5.280014,5.280014,5.280014,3.239052627,psucssa
1451,7,3.757972714,3.577481,3.577481,3.577481,3.246904,psucssa
1453,17,3.101909518,2.470317,2.470317,3.0844275,2.739035694,psucssa
1454,9,2.902256589,5.170699,5.170699,5.170699,2.327734478,psucssa
1455,4,4.634882,4.435731,4.435731,4.632458,2.318653,psucssa
1456,8,3.445637325,5.42048,5.42048,4.9472245,2.2088312,psucssa
1458,7,2.989187043,4.663702,4.663702,3.3035235,2.045323186,psucssa
1459,9,2.992748822,4.753777,4.753777,3.595206667,1.7943466,psucssa
1465,18,3.722135039,7.025208,7.025208,7.025208,3.331845706,psucssa
1466,11,2.965101091,6.251398,6.251398,6.251398,2.396792182,psucssa
1467,37,2.8963239,5.253905,5.253905,2.793451,2.669827873,psucssa
1468,8,4.781822125,7.057733,7.544833,5.2413915,2.161126375,psucssa
1470,8,4.931837625,5.627299,5.627299,5.045133286,0.517346,psucssa
1471,12,4.191434592,5.478792,5.478792,5.478792,3.734868592,psucssa
1472,14,3.441174614,6.251398,6.251398,4.90648875,2.039320686,psucssa
1473,9,3.505684411,6.852134,6.852134,6.852134,2.744336189,psucssa
1475,5,4.385527,4.486785,4.486785,4.786734,1.5134866,psucssa
1477,15,2.72971392,2.162059,2.162059,1.759964575,2.260390033,psucssa
1478,4,3.17726525,3.805676,3.805676,3.805676,2.22584625,psucssa
1481,13,4.566879462,6.042623,6.042623,6.042623,4.102062308,psucssa
1482,5,3.7799984,6.335324,6.335324,6.335324,2.5129336,psucssa
1483,24,3.124124163,7.104332,7.104332,5.47508525,2.211609954,psucssa
1484,10,3.84579629,6.100998,6.100998,5.495339333,2.19719449,psucssa
1485,7,4.112538429,7.164485,7.164485,7.164485,3.089040571,psucssa
1486,4,3.17726525,3.805676,3.805676,3.805676,2.22584625,psucssa
1488,17,3.101909518,2.470317,2.470317,3.0844275,2.739035694,psucssa
1490,11,3.462898318,4.008888,4.008888,4.0653435,2.723744955,psucssa
1491,17,3.771887029,7.061313,7.061313,4.2523615,3.271609206,psucssa
1492,20,2.904417185,5.858348,5.858348,3.3021285,2.574204335,psucssa
1493,8,3.4726665,6.112878,6.112878,4.695939333,1.71168925,psucssa
1494,6,3.477467333,7.817832,7.817832,4.586204,1.184365333,psucssa
1495,9,2.582719278,3.409625,3.409625,2.26266494,1.3256832,psucssa
1496,13,2.828522077,5.37397,5.37397,5.37397,2.415139769,psucssa
1498,8,3.311481038,4.766012,4.766012,4.766012,2.715729538,psucssa
1501,4,4.91457775,8.191873,8.191873,4.622097,2.60352925,psucssa
1502,13,3.140196423,5.564179,5.564179,5.564179,2.712182654,psucssa
1504,12,3.879081083,3.774405,3.774405,4.052261333,2.86601575,psucssa
1505,9,2.874125689,3.340613,3.340613,3.340613,2.502946467,psucssa
1507,17,3.534971862,7.267645,7.267645,7.267645,3.107463333,psucssa
1508,3,5.041646667,6.852601,6.852601,5.166097,1.597582,psucssa
1509,7,3.992222429,5.553385,5.7577035,4.288024667,2.154497571,psucssa
1510,14,3.5950165,4.531228,4.531228,2.83423,3.1901265,psucssa
1512,11,3.452016427,6.100998,4.896339667,3.600470333,1.488123518,psucssa
1513,15,3.522876073,8.349725,8.349725,3.396248167,2.164376807,psucssa
1514,15,2.971810613,3.924148,4.08459,2.745021,2.239805013,psucssa
1515,9,3.964590444,3.555213,5.5922965,4.468988333,2.474927667,psucssa
1516,24,2.696812304,4.769631,4.769631,2.375537367,2.399870133,psucssa
1519,14,2.883851179,5.538628,5.538628,5.538628,2.488234893,psucssa
1520,12,3.8212126,5.683368,5.683368,3.8133565,3.185653183,psucssa
1521,16,2.848837825,3.040295,4.3731385,3.340000333,2.222587763,psucssa
1522,10,3.6610343,5.642792,5.802407,4.317827,2.3656862,psucssa
1523,4,3.85133625,3.805676,3.805676,4.647051,0.366048,psucssa
1525,8,3.48478185,3.623505,3.623505,4.034370667,1.97189285,psucssa
1526,7,4.065903686,4.366777,5.7257215,5.0832925,1.161165114,psucssa
1527,10,3.4738377,5.598848,5.598848,3.383316,2.7971745,psucssa
1528,9,2.578665133,4.547227,4.7143445,3.540303333,1.398564022,psucssa
1530,10,3.35779695,6.299852,6.299852,4.3793565,2.48192565,psucssa
1531,5,3.9975236,7.308454,7.308454,4.8195395,2.0697078,psucssa
1533,16,2.629727281,3.347567,3.347567,3.86251,2.146913531,psucssa
1535,13,3.6042526,6.85677,6.85677,6.3147375,2.632754523,psucssa
1536,28,3.436302114,3.403617,3.403617,3.4350655,3.190940293,psucssa
1538,10,3.62566442,7.386393,7.386393,4.4088575,2.74389292,psucssa
1540,7,3.975016143,4.505727,4.505727,4.505727,3.331340857,psucssa
1541,13,4.664366769,3.699992,4.066827,4.066827,4.038701077,psucssa
1542,9,3.476571589,6.312447,6.312447,5.220998333,1.736238811,psucssa
1545,12,2.932273317,5.659119,5.659119,5.659119,2.460680067,psucssa
1546,17,2.797011712,5.177113,5.177113,3.497391067,2.179825053,psucssa
1547,17,3.610342112,6.530301,6.7904535,6.7904535,2.811465229,psucssa
1548,44,3.293898634,4.562703,3.6095205,3.6095205,3.12982952,psucssa
1550,9,3.140951667,5.431099,4.0149185,3.028026833,1.122267111,psucssa
1551,14,3.129167014,4.472299,4.472299,4.472299,2.809717086,psucssa
1554,2,4.456647,6.258925,6.258925,4.456647,0,psucssa
1555,5,3.946342,5.164224,5.164224,2.747297667,2.2979634,psucssa
1559,12,4.028369833,5.688997,4.6973345,5.2421525,2.280985667,psucssa
1564,6,3.576188667,6.213409,6.213409,3.655039,2.357842333,psucssa
1568,12,3.233884167,5.041033,3.690363,3.975885667,2.23991275,psucssa
1571,10,4.0256935,5.454835,5.454835,5.454835,3.48021,psucssa
1572,14,3.2988361,4.733068,4.733068,4.733068,2.960759814,psucssa
1574,20,2.886599555,7.403863,7.0962185,5.287572,2.093463755,psucssa
1575,14,2.973668357,4.102811,4.334335,4.334335,2.354477643,psucssa
1576,20,3.721069905,6.910512,5.330376,5.626362,2.314479405,psucssa
1577,15,3.528489733,2.335332,4.108342,4.108342,2.9807108,psucssa
1579,16,2.615978425,5.391193,5.391193,3.11386055,2.226745856,psucssa
1582,27,3.684401063,6.831331,6.831331,6.831331,3.431388804,psucssa
1583,6,3.710362167,4.008888,4.008888,4.0653435,2.355247667,psucssa
1586,36,3.032742239,3.225849,4.8486735,4.648224667,2.645390184,psucssa
1590,12,3.137118108,4.914045,4.914045,3.428695,2.565668942,psucssa
1592,10,2.96036879,5.909256,5.909256,5.909256,2.36944319,psucssa
1593,23,3.178701065,8.45661,8.45661,8.45661,2.81102237,psucssa
1594,12,3.879406658,6.861522,6.861522,5.396657,2.530242408,psucssa
1597,5,4.9534278,6.853935,6.853935,5.34755,1.7448978,psucssa
1598,21,3.83022791,3.238747,3.238747,3.816713886,2.557989948,psucssa
1600,26,3.170726962,5.976814,5.976814,5.976814,2.9408495,psucssa
1602,4,4.86940675,5.925169,5.925169,4.920200667,1.17925625,psucssa
1603,15,3.616548467,7.544224,7.544224,4.5852885,3.005176667,psucssa
1607,4,2.866409,4.141838,4.141838,3.3360355,1.19839125,psucssa
1608,26,3.043654666,3.225849,4.8486735,4.648224667,2.50732105,psucssa
1609,7,2.998071914,6.527233,6.527233,6.527233,2.065610057,psucssa
1610,4,2.866409,4.141838,4.141838,3.3360355,1.19839125,psucssa
1611,4,2.866409,4.141838,4.141838,3.3360355,1.19839125,psucssa
1612,22,3.242598999,5.718917,5.718917,2.61732556,2.885690968,psucssa
1613,39,3.1568262,3.730492,2.759558,3.3327005,2.815010764,psucssa
1614,4,2.866409,4.141838,4.141838,3.3360355,1.19839125,psucssa
1618,11,3.741229909,4.487621,4.487621,3.6742665,3.073181455,psucssa
1621,9,2.760282811,7.010484,7.010484,4.391485,1.784397256,psucssa
1623,5,4.39779458,8.205318,8.205318,8.205318,2.75673098,psucssa
1624,8,4.888235,4.263707,4.263707,4.534779,3.75454025,psucssa
1626,4,3.63054525,5.91029,5.91029,3.523951,1.86856975,psucssa
1627,15,3.96586966,5.513777,5.513777,4.7227306,2.391626127,psucssa
1628,8,3.42919695,5.046071,5.046071,4.456281333,1.75809145,psucssa
1629,3,6.089150667,8.214307,8.214307,8.214307,3.351048333,psucssa
1630,3,3.417530333,3.805676,3.805676,3.805676,2.148971667,psucssa
1631,12,3.866203017,4.776312,4.776312,4.776312,3.468177017,psucssa
1632,11,3.456532027,4.467173,4.467173,3.205259,2.873757664,psucssa
1634,9,3.495481444,4.990438,4.990438,4.990438,2.940988333,psucssa
1636,5,2.43999512,3.961718,3.961718,2.323205867,1.0460716,psucssa
1637,7,4.702684586,7.948301,7.948301,6.808784,1.7846343,psucssa
1638,14,3.829677271,4.64506,5.475135667,4.56261425,2.5260732,psucssa
1639,8,3.957984887,3.882291,3.851435,4.091517017,0.889347125,psucssa
1640,10,3.9067415,4.455366,4.455366,4.709229,2.9648957,psucssa
1642,4,2.866409,4.141838,4.141838,3.3360355,1.19839125,psucssa
1644,7,4.077323157,3.786955,3.786955,5.192691667,1.851883871,psucssa
1650,4,2.513613625,5.013105,5.013105,5.013105,1.260337375,psucssa
1652,7,3.520613,7.276548,7.276548,7.276548,2.481106143,psucssa
1653,5,3.02168346,3.991114,3.991114,3.991114,2.22346066,psucssa
1654,4,2.866409,4.141838,4.141838,3.3360355,1.19839125,psucssa
1656,18,2.797650283,1.351109,1.351109,1.351109,2.722588672,psucssa
1657,15,3.49252264,3.617099,3.617099,3.136793178,1.610446733,psucssa
1659,10,3.02621181,4.989664,4.989664,3.650629,1.93102311,psucssa
1660,7,2.907421843,6.351558,6.351558,6.351558,2.000056414,psucssa
1661,10,3.1360726,4.229077,4.229077,4.613671667,1.7519711,psucssa
1662,25,3.639779244,5.233401,5.086861,4.717747914,2.318809828,psucssa
1664,10,3.74686242,4.095601,4.095601,4.5702255,2.83281732,psucssa
1665,5,4.6955418,4.73597,4.73597,4.6729505,0.9571814,psucssa
1666,5,3.18492794,4.468209,4.468209,3.9048568,0.84201386,psucssa
1667,10,3.46178118,3.608845,3.608845,2.468706,2.96803998,psucssa
1668,6,4.145882833,4.609099,4.609099,5.4067285,2.34364,psucssa
1670,5,3.5856176,4.721429,4.721429,4.721429,2.6413318,psucssa
1672,5,5.596098,9.46853,9.46853,9.46853,3.702392,psucssa
1673,6,2.760365667,3.510118,3.510118,2.3538896,0.798791,psucssa
1675,22,3.35217775,5.445467,5.2943415,5.2943415,2.870873977,psucssa
1676,12,2.894916917,1.11764,1.11764,2.1493655,2.536689333,psucssa
1677,5,4.8805752,4.512905,4.512905,5.734016,2.5869688,psucssa
1678,10,2.91718638,4.617417,4.617417,4.617417,2.45544468,psucssa
1684,4,4.77375175,6.100998,6.100998,5.981398,1.78305275,psucssa
1685,8,2.982951125,1.592732,1.592732,1.296366,2.658859625,psucssa
1686,12,3.130973417,4.293479,4.293479,3.4976425,2.548033,psucssa
1687,13,4.034715715,5.064209,5.064209,5.339784,3.213210485,psucssa
1690,11,3.993289364,6.867162,6.4763775,4.696789,2.712346909,psucssa
1691,5,3.5460332,4.695585,4.695585,3.661768,1.3489724,psucssa
1693,9,4.0982512,7.2512,7.2512,7.2512,3.292562311,psucssa
1694,12,4.421165583,3.559633,3.559633,2.4622505,4.0107905,psucssa
1695,5,3.64953188,7.308454,7.308454,7.308454,2.18784108,psucssa
1696,14,3.764539321,5.231365,5.552288,3.80870915,2.1322354,psucssa
1697,14,3.686000421,7.309188,5.7506915,5.100500667,2.593035993,psucssa
1698,10,3.02944586,4.581965,4.581965,2.018179533,2.423992,psucssa
1702,17,3.383843871,6.778164,6.778164,4.6007765,2.842576047,psucssa
1703,16,4.103702931,4.26465,4.26465,4.26465,3.837162306,psucssa
1705,5,2.38575244,3.923701,3.923701,2.2911026,1.01109088,psucssa
1710,11,3.611134909,7.025208,7.025208,6.0503105,2.511078455,psucssa
1711,16,4.038304438,4.055674,4.055674,4.055674,3.784824813,psucssa
1712,5,3.18492794,4.468209,4.468209,3.9048568,0.84201386,psucssa
1714,13,3.578055538,3.823509,3.823509,4.221739,2.279058923,psucssa
1715,5,3.18492794,4.468209,4.468209,3.9048568,0.84201386,psucssa
1717,5,3.18492794,4.468209,4.468209,3.9048568,0.84201386,psucssa
1718,8,3.512071225,1.782907,1.782907,1.1680464,3.220059625,psucssa
1719,4,4.72957825,6.100998,6.100998,5.2218825,2.118637,psucssa
1720,8,3.512071225,1.782907,1.782907,1.1680464,3.220059625,psucssa
1726,7,4.077323157,3.786955,3.786955,5.192691667,1.851883871,psucssa
1727,15,3.787231593,4.912446,4.912446,4.273184,2.932594793,psucssa
1728,3,5.040569667,5.510527,5.510527,5.510527,3.203727333,psucssa
1729,14,4.466377357,7.025088,7.025088,5.190337333,3.354162214,psucssa
1730,12,4.203136167,6.852601,4.744482,4.680601143,1.4727855,psucssa
1732,10,4.3314692,8.638811,8.638811,8.638811,3.4675881,psucssa
1733,9,2.805875522,4.527647,4.527647,2.832975,2.176325522,psucssa
1734,10,3.25731092,4.727805,4.727805,2.70120785,2.71706935,psucssa
1735,5,3.643694,5.365424,5.365424,5.1034425,1.602317,psucssa
1738,5,2.65766624,3.674056,4.151012,4.151012,0.99726144,psucssa
1744,6,3.973254033,4.966759,4.966759,4.966759,3.145460867,psucssa
1745,7,4.760747143,3.973564,3.973564,3.973564,4.193095143,psucssa
1750,9,3.11854859,5.739975,5.739975,5.739975,2.48077359,psucssa
1753,8,3.862934225,3.136307,3.136307,4.075269,2.844116975,psucssa
1754,9,4.558725333,6.340495,6.340495,4.8507432,1.863868,psucssa
1756,2,6.3846245,7.948301,7.948301,7.948301,2.410474,psucssa
1757,9,4.500046111,6.50137,5.468461,5.350224,2.716638111,psucssa
1761,4,2.830604125,6.099441,6.099441,6.099441,1.305743875,psucssa
1763,4,3.57892095,6.381551,6.381551,6.381551,1.9835332,psucssa
1764,4,3.76434425,3.991114,3.991114,3.7842975,1.8721955,psucssa
1765,13,3.134774692,5.361638,5.361638,5.361638,2.722341,psucssa
1767,6,3.278132167,6.986399,6.986399,4.170204,1.888064167,psucssa
1769,9,3.499647111,3.991114,3.991114,2.993971,2.501656778,psucssa
1770,23,3.074372339,5.750447,5.750447,3.790602733,2.579945896,psucssa
1771,10,3.46969899,6.527233,6.527233,3.46969899,0,psucssa
1772,21,3.457859552,3.924634,3.924634,3.457859552,0,psucssa
1773,5,5.1142806,6.527233,6.527233,5.1142806,0,psucssa
1775,13,3.452094923,3.303072,4.152469,4.552516333,2.401514231,psucssa
1777,14,4.114184421,9.168117,9.168117,9.168117,3.459318921,psucssa
1779,9,4.145509456,5.644895,5.644895,3.24071155,3.425351333,psucssa
1780,6,3.403135133,6.429443,6.429443,6.429443,2.3315613,psucssa
1782,7,3.259673486,3.49434,3.49434,3.49434,2.760482057,psucssa
1784,7,3.914524286,4.729612,4.729612,5.5962135,2.315606143,psucssa
1785,18,2.759712739,5.019824,5.019824,2.038338475,2.306748633,psucssa
1787,15,3.29330956,5.455238,5.1253715,3.73465302,2.04842522,psucssa
1793,4,3.41794,4.141838,4.141838,3.3360355,1.74992225,psucssa
1794,7,3.938741143,7.567497,7.567497,7.567497,2.857670143,psucssa
1795,6,3.6021565,3.665061,3.665061,3.665061,2.991313,psucssa
1796,3,3.032313,3.724456,3.724456,2.7804975,1.178648,psucssa
1797,5,3.67996974,6.788361,6.788361,6.788361,2.32229754,psucssa
1798,5,4.2949074,5.007592,5.007592,5.2978695,2.1757596,psucssa
1799,10,4.69412208,6.418525,7.0240425,6.671930667,2.69254288,psucssa
1800,21,2.968067067,4.162316,4.162316,4.162316,2.769861543,psucssa
1801,8,4.744788725,6.418525,6.418525,7.2198955,2.93981485,psucssa
1802,13,3.973967615,3.304961,4.7780035,4.590865167,1.855106769,psucssa
1803,31,3.241370932,6.01267,6.01267,6.01267,3.047413835,psucssa
1804,7,2.909201114,2.236027,2.236027,1.2933724,2.539666143,psucssa
1805,4,2.5984525,3.213737,3.213737,2.1290935,1.53390575,psucssa
1810,12,3.858469083,5.310564,5.310564,3.376987,3.295637917,psucssa
1811,4,4.28684225,4.123935,4.123935,4.123935,3.2558585,psucssa
1812,17,3.646988676,5.716744,5.716744,3.763264,3.204251735,psucssa
1813,17,3.578760412,4.856954,4.856954,3.4001495,3.178742824,psucssa
1814,6,5.6933315,7.948301,7.948301,6.808784,2.2889395,psucssa
1816,15,3.91231732,4.690859,4.6375135,4.09169256,2.5484198,psucssa
1817,3,3.909354,6.876338,6.876338,6.876338,1.617241333,psucssa
1819,3,3.505555333,4.338778,4.338778,2.784016,1.649544667,psucssa
1820,6,3.464852833,4.248929,4.248929,3.304987,1.812359333,psucssa
1821,6,3.614465817,6.056702,6.056702,6.056702,2.605015483,psucssa
1823,11,3.301986472,5.659119,5.659119,5.659119,2.787521108,psucssa
1824,10,3.2223018,5.303208,5.303208,5.303208,2.691981,psucssa
1826,12,3.86957175,5.037021,5.1396605,4.4578695,2.38361525,psucssa
1829,25,2.912008328,2.793817,2.793817,1.826871867,2.692783704,psucssa
1835,8,3.465787875,4.992573,4.992573,4.164850667,1.903968875,psucssa
1836,7,3.331529157,4.141838,5.832046,4.731441667,1.303768443,psucssa
1837,6,3.738492333,5.973792,5.973792,4.127323,2.362718,psucssa
1838,17,3.081430571,3.272323,3.272323,4.107674,2.114919041,psucssa
1839,11,3.262408545,3.844659,3.844659,3.844659,2.912894091,psucssa
1840,20,3.41958455,5.207024,4.524542,3.352266667,2.91674455,psucssa
1844,18,3.200071417,4.601481,5.6295025,5.6295025,2.574571139,psucssa
1845,24,3.437573363,5.315289,5.315289,5.315289,3.216102987,psucssa
1847,5,3.394371,7.042348,7.042348,7.042348,1.9859014,psucssa
1848,14,2.673523264,3.608845,3.535773667,2.094759671,1.626143429,psucssa
1849,32,3.282481469,5.659119,5.659119,5.659119,3.105634,psucssa
1853,10,3.64968297,4.98858,4.98858,4.98858,3.15082497,psucssa
1856,18,3.859873556,5.518094,5.518094,5.518094,3.553312778,psucssa
1857,11,3.7603551,6.132369,6.132369,6.132369,3.202867009,psucssa
1859,9,2.442948544,5.830488,5.830488,5.830488,1.795116544,psucssa
1860,11,3.180634727,3.928151,4.1486825,4.1486825,2.426328818,psucssa
